"site","date","approach","kingdom","phylum","class","order","family","genus","species","tot_read","Lowest_ID"
"TLA01",2022-06-10,"3","Eukaryota","Arthropoda","Insecta","Coleoptera","Elmidae","Stenelmis",NA,186,"Stenelmis"
"TLA01",2022-06-10,"3","Eukaryota","Arthropoda","Insecta","Coleoptera","Elmidae",NA,NA,349,"Elmidae"
"TLA01",2022-06-10,"3","Eukaryota","Arthropoda","Insecta","Coleoptera","Psephenidae","Psephenus","Psephenus herricki",13,"Psephenus herricki"
"TLA01",2022-06-10,"3","Eukaryota","Arthropoda","Insecta","Diptera","Chironomidae","Tanytarsus",NA,146,"Tanytarsus"
"TLA01",2022-06-10,"3","Eukaryota","Arthropoda","Insecta","Diptera","Chironomidae",NA,NA,240,"Chironomidae"
"TLA01",2022-06-10,"3","Eukaryota","Arthropoda","Insecta","Ephemeroptera","Heptageniidae","Maccaffertium","Maccaffertium meririvulanum",503,"Maccaffertium meririvulanum"
"TLA01",2022-06-10,"3","Eukaryota","Arthropoda","Insecta","Megaloptera","Corydalidae","Nigronia","Nigronia fasciatus",18,"Nigronia fasciatus"
"TLA01",2022-06-10,"3","Eukaryota","Arthropoda","Insecta","Odonata","Calopterygidae","Calopteryx",NA,96,"Calopteryx"
"TLA01",2022-06-10,"3","Eukaryota","Arthropoda","Insecta","Plecoptera","Peltoperlidae","Tallaperla",NA,959,"Tallaperla"
"TLA01",2022-06-10,"3","Eukaryota","Arthropoda","Insecta","Plecoptera","Perlidae","Eccoptura",NA,177,"Eccoptura"
"TLA01",2022-06-10,"3","Eukaryota","Arthropoda","Insecta","Trichoptera","Hydropsychidae","Diplectrona","Diplectrona metaqui",126,"Diplectrona metaqui"
"TLA01",2022-06-10,"3","Eukaryota","Arthropoda","Insecta","Trichoptera","Hydropsychidae","Diplectrona","Diplectrona modesta",2264,"Diplectrona modesta"
"TLA01",2022-06-10,"3","Eukaryota","Arthropoda","Insecta","Trichoptera","Philopotamidae","Wormaldia",NA,19,"Wormaldia"
"TLC01",2022-06-09,"3","Eukaryota","Arthropoda","Insecta","Coleoptera","Elmidae","Optioservus",NA,556,"Optioservus"
"TLC01",2022-06-09,"3","Eukaryota","Arthropoda","Insecta","Coleoptera","Elmidae","Oulimnius","Oulimnius latiusculus",11,"Oulimnius latiusculus"
"TLC01",2022-06-09,"3","Eukaryota","Arthropoda","Insecta","Coleoptera","Elmidae","Stenelmis",NA,3467,"Stenelmis"
"TLC01",2022-06-09,"3","Eukaryota","Arthropoda","Insecta","Diptera","Ceratopogonidae","Palpomyia",NA,12,"Palpomyia"
"TLC01",2022-06-09,"3","Eukaryota","Arthropoda","Insecta","Diptera","Ceratopogonidae",NA,NA,9,"Ceratopogonidae"
"TLC01",2022-06-09,"3","Eukaryota","Arthropoda","Insecta","Diptera","Chironomidae","Cryptochironomus",NA,51,"Cryptochironomus"
"TLC01",2022-06-09,"3","Eukaryota","Arthropoda","Insecta","Diptera","Chironomidae","Parakiefferiella",NA,30,"Parakiefferiella"
"TLC01",2022-06-09,"3","Eukaryota","Arthropoda","Insecta","Diptera","Chironomidae","Paraphaenocladius",NA,35,"Paraphaenocladius"
"TLC01",2022-06-09,"3","Eukaryota","Arthropoda","Insecta","Diptera","Chironomidae","Tanytarsus",NA,8,"Tanytarsus"
"TLC01",2022-06-09,"3","Eukaryota","Arthropoda","Insecta","Diptera","Chironomidae",NA,NA,76,"Chironomidae"
"TLC01",2022-06-09,"3","Eukaryota","Arthropoda","Insecta","Diptera","Limoniidae","Antocha",NA,24,"Antocha"
"TLC01",2022-06-09,"3","Eukaryota","Arthropoda","Insecta","Diptera","Simuliidae","Simulium",NA,261,"Simulium"
"TLC01",2022-06-09,"3","Eukaryota","Arthropoda","Insecta","Megaloptera","Corydalidae","Nigronia","Nigronia fasciatus",43,"Nigronia fasciatus"
"TLC01",2022-06-09,"3","Eukaryota","Arthropoda","Insecta","Odonata","Cordulegastridae","Kalyptogaster","Kalyptogaster erronea",137,"Kalyptogaster erronea"
"TLC01",2022-06-09,"3","Eukaryota","Arthropoda","Insecta","Plecoptera","Leuctridae","Leuctra",NA,465,"Leuctra"
"TLC01",2022-06-09,"3","Eukaryota","Arthropoda","Insecta","Plecoptera","Leuctridae",NA,NA,158,"Leuctridae"
"TLC01",2022-06-09,"3","Eukaryota","Arthropoda","Insecta","Plecoptera","Perlidae","Eccoptura",NA,63,"Eccoptura"
"TLC01",2022-06-09,"3","Eukaryota","Arthropoda","Insecta","Plecoptera","Perlidae","Perlesta","Perlesta nelsoni",1065,"Perlesta nelsoni"
"TLC01",2022-06-09,"3","Eukaryota","Arthropoda","Insecta","Trichoptera","Hydropsychidae","Diplectrona","Diplectrona modesta",876,"Diplectrona modesta"
"TLC01",2022-06-09,"3","Eukaryota","Arthropoda","Insecta","Trichoptera","Hydropsychidae","Hydropsyche","Hydropsyche betteni",41,"Hydropsyche betteni"
"TLC01",2022-06-09,"3","Eukaryota","Arthropoda","Insecta","Trichoptera","Limnephilidae","Pycnopsyche","Pycnopsyche antica",127,"Pycnopsyche antica"
"TLC01",2022-06-09,"3","Eukaryota","Arthropoda","Malacostraca","Decapoda","Cambaridae","Lacunicambarus","Lacunicambarus acanthura",17,"Lacunicambarus acanthura"
"TLM01",2022-06-09,"1_3","Eukaryota","Annelida","Clitellata","Haplotaxida","Naididae","Nais",NA,16,"Nais"
"TLM01",2022-06-09,"1_3","Eukaryota","Arthropoda","Arachnida","Trombidiformes",NA,NA,NA,35,"Trombidiformes"
"TLM01",2022-06-09,"1_3","Eukaryota","Arthropoda","Insecta","Coleoptera","Elmidae","Dubiraphia",NA,332,"Dubiraphia"
"TLM01",2022-06-09,"1_3","Eukaryota","Arthropoda","Insecta","Coleoptera","Elmidae","Optioservus",NA,267,"Optioservus"
"TLM01",2022-06-09,"1_3","Eukaryota","Arthropoda","Insecta","Coleoptera","Elmidae","Oulimnius","Oulimnius latiusculus",13,"Oulimnius latiusculus"
"TLM01",2022-06-09,"1_3","Eukaryota","Arthropoda","Insecta","Coleoptera","Elmidae","Stenelmis",NA,756,"Stenelmis"
"TLM01",2022-06-09,"1_3","Eukaryota","Arthropoda","Insecta","Diptera","Chironomidae","Cryptochironomus",NA,174,"Cryptochironomus"
"TLM01",2022-06-09,"1_3","Eukaryota","Arthropoda","Insecta","Diptera","Chironomidae","Rheotanytarsus",NA,48,"Rheotanytarsus"
"TLM01",2022-06-09,"1_3","Eukaryota","Arthropoda","Insecta","Diptera","Chironomidae","Tanytarsus",NA,39,"Tanytarsus"
"TLM01",2022-06-09,"1_3","Eukaryota","Arthropoda","Insecta","Diptera","Chironomidae","Thienemannimyia",NA,68,"Thienemannimyia"
"TLM01",2022-06-09,"1_3","Eukaryota","Arthropoda","Insecta","Diptera","Chironomidae",NA,NA,154,"Chironomidae"
"TLM01",2022-06-09,"1_3","Eukaryota","Arthropoda","Insecta","Diptera","Empididae","Roederiodes",NA,14,"Roederiodes"
"TLM01",2022-06-09,"1_3","Eukaryota","Arthropoda","Insecta","Ephemeroptera","Ephemerellidae","Ephemerella",NA,31,"Ephemerella"
"TLM01",2022-06-09,"1_3","Eukaryota","Arthropoda","Insecta","Ephemeroptera",NA,NA,NA,55,"Ephemeroptera"
"TLM01",2022-06-09,"1_3","Eukaryota","Arthropoda","Insecta","Megaloptera","Corydalidae","Nigronia","Nigronia fasciatus",15,"Nigronia fasciatus"
"TLM01",2022-06-09,"1_3","Eukaryota","Arthropoda","Insecta","Plecoptera","Leuctridae","Leuctra","Leuctra tenuis",8,"Leuctra tenuis"
"TLM01",2022-06-09,"1_3","Eukaryota","Arthropoda","Insecta","Plecoptera","Perlidae","Eccoptura",NA,80,"Eccoptura"
"TLM01",2022-06-09,"1_3","Eukaryota","Arthropoda","Insecta","Plecoptera","Perlidae","Perlesta","Perlesta nelsoni",274,"Perlesta nelsoni"
"TLM01",2022-06-09,"1_3","Eukaryota","Arthropoda","Insecta","Trichoptera","Hydropsychidae","Cheumatopsyche",NA,60,"Cheumatopsyche"
"TLM01",2022-06-09,"1_3","Eukaryota","Arthropoda","Insecta","Trichoptera","Hydropsychidae","Diplectrona","Diplectrona modesta",10,"Diplectrona modesta"
"TLM06",2022-06-09,"3","Eukaryota","Arthropoda","Insecta","Coleoptera","Elmidae","Dubiraphia",NA,122,"Dubiraphia"
"TLM06",2022-06-09,"3","Eukaryota","Arthropoda","Insecta","Coleoptera","Elmidae","Optioservus",NA,319,"Optioservus"
"TLM06",2022-06-09,"3","Eukaryota","Arthropoda","Insecta","Coleoptera","Elmidae","Oulimnius",NA,8,"Oulimnius"
"TLM06",2022-06-09,"3","Eukaryota","Arthropoda","Insecta","Coleoptera","Elmidae","Stenelmis",NA,438,"Stenelmis"
"TLM06",2022-06-09,"3","Eukaryota","Arthropoda","Insecta","Coleoptera","Elmidae",NA,NA,1810,"Elmidae"
"TLM06",2022-06-09,"3","Eukaryota","Arthropoda","Insecta","Diptera","Ceratopogonidae","Atrichopogon",NA,18,"Atrichopogon"
"TLM06",2022-06-09,"3","Eukaryota","Arthropoda","Insecta","Diptera","Ceratopogonidae","Palpomyia",NA,23,"Palpomyia"
"TLM06",2022-06-09,"3","Eukaryota","Arthropoda","Insecta","Diptera","Ceratopogonidae",NA,NA,29,"Ceratopogonidae"
"TLM06",2022-06-09,"3","Eukaryota","Arthropoda","Insecta","Diptera","Chironomidae","Chironomus",NA,20,"Chironomus"
"TLM06",2022-06-09,"3","Eukaryota","Arthropoda","Insecta","Diptera","Chironomidae","Conchapelopia",NA,8,"Conchapelopia"
"TLM06",2022-06-09,"3","Eukaryota","Arthropoda","Insecta","Diptera","Chironomidae","Limnophyes",NA,27,"Limnophyes"
"TLM06",2022-06-09,"3","Eukaryota","Arthropoda","Insecta","Diptera","Chironomidae","Parametriocnemus",NA,24,"Parametriocnemus"
"TLM06",2022-06-09,"3","Eukaryota","Arthropoda","Insecta","Diptera","Chironomidae","Tanytarsus",NA,11,"Tanytarsus"
"TLM06",2022-06-09,"3","Eukaryota","Arthropoda","Insecta","Diptera","Chironomidae","Xylotopus",NA,9,"Xylotopus"
"TLM06",2022-06-09,"3","Eukaryota","Arthropoda","Insecta","Diptera","Chironomidae",NA,NA,908,"Chironomidae"
"TLM06",2022-06-09,"3","Eukaryota","Arthropoda","Insecta","Diptera","Dolichopodidae",NA,NA,8,"Dolichopodidae"
"TLM06",2022-06-09,"3","Eukaryota","Arthropoda","Insecta","Diptera","Empididae","Hemerodromia",NA,102,"Hemerodromia"
"TLM06",2022-06-09,"3","Eukaryota","Arthropoda","Insecta","Diptera","Ptychopteridae","Bittacomorpha","Bittacomorpha clavipes",72,"Bittacomorpha clavipes"
"TLM06",2022-06-09,"3","Eukaryota","Arthropoda","Insecta","Diptera","Simuliidae","Simulium",NA,307,"Simulium"
"TLM06",2022-06-09,"3","Eukaryota","Arthropoda","Insecta","Ephemeroptera",NA,NA,NA,41,"Ephemeroptera"
"TLM06",2022-06-09,"3","Eukaryota","Arthropoda","Insecta","Megaloptera","Corydalidae","Nigronia","Nigronia fasciatus",335,"Nigronia fasciatus"
"TLM06",2022-06-09,"3","Eukaryota","Arthropoda","Insecta","Megaloptera","Corydalidae","Nigronia","Nigronia serricornis",144,"Nigronia serricornis"
"TLM06",2022-06-09,"3","Eukaryota","Arthropoda","Insecta","Odonata","Aeshnidae","Boyeria",NA,43,"Boyeria"
"TLM06",2022-06-09,"3","Eukaryota","Arthropoda","Insecta","Odonata","Cordulegastridae","Cordulegaster",NA,113,"Cordulegaster"
"TLM06",2022-06-09,"3","Eukaryota","Arthropoda","Insecta","Odonata","Gomphidae","Gomphus","Gomphus graslinellus",42,"Gomphus graslinellus"
"TLM06",2022-06-09,"3","Eukaryota","Arthropoda","Insecta","Plecoptera","Leuctridae",NA,NA,92,"Leuctridae"
"TLM06",2022-06-09,"3","Eukaryota","Arthropoda","Insecta","Plecoptera","Peltoperlidae","Tallaperla",NA,1186,"Tallaperla"
"TLM06",2022-06-09,"3","Eukaryota","Arthropoda","Insecta","Trichoptera","Calamoceratidae","Heteroplectron","Heteroplectron americanum",8,"Heteroplectron americanum"
"TLM06",2022-06-09,"3","Eukaryota","Arthropoda","Insecta","Trichoptera","Dipseudopsidae","Phylocentropus","Phylocentropus carolinus",36,"Phylocentropus carolinus"
"TLM06",2022-06-09,"3","Eukaryota","Arthropoda","Insecta","Trichoptera","Hydropsychidae","Diplectrona","Diplectrona modesta",67,"Diplectrona modesta"
"TLM10",2022-06-09,"3","Eukaryota","Arthropoda","Insecta","Coleoptera","Elmidae","Optioservus",NA,98,"Optioservus"
"TLM10",2022-06-09,"3","Eukaryota","Arthropoda","Insecta","Coleoptera","Elmidae","Oulimnius",NA,23,"Oulimnius"
"TLM10",2022-06-09,"3","Eukaryota","Arthropoda","Insecta","Coleoptera","Elmidae","Stenelmis",NA,215,"Stenelmis"
"TLM10",2022-06-09,"3","Eukaryota","Arthropoda","Insecta","Coleoptera","Elmidae",NA,NA,71,"Elmidae"
"TLM10",2022-06-09,"3","Eukaryota","Arthropoda","Insecta","Coleoptera","Psephenidae","Psephenus","Psephenus herricki",12,"Psephenus herricki"
"TLM10",2022-06-09,"3","Eukaryota","Arthropoda","Insecta","Coleoptera","Ptilodactylidae","Ptilodactyla","Ptilodactyla serricollis",242,"Ptilodactyla serricollis"
"TLM10",2022-06-09,"3","Eukaryota","Arthropoda","Insecta","Diptera","Ceratopogonidae","Palpomyia",NA,14,"Palpomyia"
"TLM10",2022-06-09,"3","Eukaryota","Arthropoda","Insecta","Diptera","Chironomidae","Cryptochironomus",NA,48,"Cryptochironomus"
"TLM10",2022-06-09,"3","Eukaryota","Arthropoda","Insecta","Diptera","Chironomidae","Paraphaenocladius",NA,16,"Paraphaenocladius"
"TLM10",2022-06-09,"3","Eukaryota","Arthropoda","Insecta","Diptera","Chironomidae","Rheotanytarsus",NA,10,"Rheotanytarsus"
"TLM10",2022-06-09,"3","Eukaryota","Arthropoda","Insecta","Diptera","Chironomidae","Tanytarsus","Tanytarsus guerlus",34,"Tanytarsus guerlus"
"TLM10",2022-06-09,"3","Eukaryota","Arthropoda","Insecta","Diptera","Chironomidae","Thienemanniella",NA,8,"Thienemanniella"
"TLM10",2022-06-09,"3","Eukaryota","Arthropoda","Insecta","Hemiptera","Veliidae","Microvelia","Microvelia americana",16,"Microvelia americana"
"TLM10",2022-06-09,"3","Eukaryota","Arthropoda","Insecta","Hemiptera","Veliidae","Rhagovelia",NA,212,"Rhagovelia"
"TLM10",2022-06-09,"3","Eukaryota","Arthropoda","Insecta","Odonata","Gomphidae","Gomphus",NA,9,"Gomphus"
"TLM10",2022-06-09,"3","Eukaryota","Arthropoda","Insecta","Odonata","Gomphidae","Stylogomphus",NA,212,"Stylogomphus"
"TLM10",2022-06-09,"3","Eukaryota","Arthropoda","Insecta","Plecoptera","Leuctridae","Leuctra",NA,834,"Leuctra"
"TLM10",2022-06-09,"3","Eukaryota","Arthropoda","Insecta","Plecoptera","Leuctridae",NA,NA,12,"Leuctridae"
"TLM10",2022-06-09,"3","Eukaryota","Arthropoda","Insecta","Plecoptera","Perlodidae","Isoperla","Isoperla nr. holochlora BOLD:AAB1101",2976,"Isoperla nr. holochlora BOLD:AAB1101"
"TLM10",2022-06-09,"3","Eukaryota","Arthropoda","Malacostraca","Decapoda","Cambaridae","Cambarus",NA,209,"Cambarus"
"TLM10",2022-06-09,"3","Eukaryota","Mollusca","Gastropoda","unk_order","Pleuroceridae","Elimia",NA,152,"Elimia"
"TLM16",2022-06-10,"3","Eukaryota","Arthropoda","Insecta","Coleoptera","Elmidae","Dubiraphia",NA,146,"Dubiraphia"
"TLM16",2022-06-10,"3","Eukaryota","Arthropoda","Insecta","Coleoptera","Elmidae","Oulimnius",NA,8,"Oulimnius"
"TLM16",2022-06-10,"3","Eukaryota","Arthropoda","Insecta","Coleoptera","Elmidae","Stenelmis",NA,70,"Stenelmis"
"TLM16",2022-06-10,"3","Eukaryota","Arthropoda","Insecta","Coleoptera","Elmidae",NA,NA,115,"Elmidae"
"TLM16",2022-06-10,"3","Eukaryota","Arthropoda","Insecta","Diptera","Chironomidae","Cricotopus",NA,33,"Cricotopus"
"TLM16",2022-06-10,"3","Eukaryota","Arthropoda","Insecta","Diptera","Chironomidae","Parametriocnemus",NA,9,"Parametriocnemus"
"TLM16",2022-06-10,"3","Eukaryota","Arthropoda","Insecta","Diptera","Chironomidae","Rheotanytarsus",NA,77,"Rheotanytarsus"
"TLM16",2022-06-10,"3","Eukaryota","Arthropoda","Insecta","Diptera","Chironomidae","Tanytarsus",NA,106,"Tanytarsus"
"TLM16",2022-06-10,"3","Eukaryota","Arthropoda","Insecta","Diptera","Chironomidae",NA,NA,123,"Chironomidae"
"TLM16",2022-06-10,"3","Eukaryota","Arthropoda","Insecta","Diptera","Tipulidae","Tipula",NA,56,"Tipula"
"TLM16",2022-06-10,"3","Eukaryota","Arthropoda","Insecta","Plecoptera","Leuctridae","Leuctra",NA,46,"Leuctra"
"TLM16",2022-06-10,"3","Eukaryota","Arthropoda","Insecta","Plecoptera","Peltoperlidae","Tallaperla","Tallaperla cornelia",8,"Tallaperla cornelia"
"TLM16",2022-06-10,"3","Eukaryota","Arthropoda","Insecta","Plecoptera","Perlidae","Eccoptura","Eccoptura xanthenes",33,"Eccoptura xanthenes"
"TLM16",2022-06-10,"3","Eukaryota","Arthropoda","Insecta","Plecoptera","Perlidae","Perlesta","Perlesta nelsoni",61,"Perlesta nelsoni"
"TLM16",2022-06-10,"3","Eukaryota","Arthropoda","Insecta","Trichoptera","Hydropsychidae","Diplectrona","Diplectrona metaqui",10,"Diplectrona metaqui"
"TLM16",2022-06-10,"3","Eukaryota","Arthropoda","Insecta","Trichoptera","Hydropsychidae","Diplectrona","Diplectrona modesta",608,"Diplectrona modesta"
"TLM19",2022-06-10,"3","Eukaryota","Arthropoda","Arachnida","Sarcoptiformes",NA,NA,NA,111,"Sarcoptiformes"
"TLM19",2022-06-10,"3","Eukaryota","Arthropoda","Insecta","Diptera","Chironomidae","Conchapelopia",NA,377,"Conchapelopia"
"TLM19",2022-06-10,"3","Eukaryota","Arthropoda","Insecta","Diptera","Chironomidae","Stempellinella","Stempellinella boltoni",155,"Stempellinella boltoni"
"TLM19",2022-06-10,"3","Eukaryota","Arthropoda","Insecta","Diptera","Pediciidae","Dicranota",NA,71,"Dicranota"
"TLM19",2022-06-10,"3","Eukaryota","Arthropoda","Insecta","Trichoptera","Calamoceratidae","Heteroplectron","Heteroplectron americanum",11,"Heteroplectron americanum"
"TLM19",2022-06-10,"3","Eukaryota","Arthropoda","Insecta","Trichoptera","Hydropsychidae","Diplectrona","Diplectrona metaqui",363,"Diplectrona metaqui"
"TLM19",2022-06-10,"3","Eukaryota","Arthropoda","Insecta","Trichoptera","Lepidostomatidae","Lepidostoma","Lepidostoma latipenne",135,"Lepidostoma latipenne"
"TLA01",2022-03-29,"2","Eukaryota","Arthropoda","Insecta","Coleoptera","Elmidae",NA,NA,81,"Elmidae"
"TLA01",2022-03-29,"2","Eukaryota","Arthropoda","Insecta","Diptera","Simuliidae","Simulium",NA,19,"Simulium"
"TLA01",2022-03-29,"2","Eukaryota","Arthropoda","Insecta","Diptera","Simuliidae",NA,NA,13,"Simuliidae"
"TLA01",2022-03-29,"2","Eukaryota","Arthropoda","Insecta","Ephemeroptera","Ephemerellidae","Ephemerella",NA,1108,"Ephemerella"
"TLA01",2022-03-29,"2","Eukaryota","Arthropoda","Insecta","Ephemeroptera","Ephemerellidae","Eurylophella","Eurylophella verisimilis",13,"Eurylophella verisimilis"
"TLA01",2022-03-29,"2","Eukaryota","Arthropoda","Insecta","Plecoptera","Chloroperlidae","Haploperla","Haploperla brevis",8,"Haploperla brevis"
"TLA01",2022-03-29,"2","Eukaryota","Arthropoda","Insecta","Plecoptera","Peltoperlidae","Tallaperla",NA,101,"Tallaperla"
"TLA01",2022-03-29,"2","Eukaryota","Arthropoda","Insecta","Trichoptera","Hydropsychidae","Diplectrona","Diplectrona modesta",30,"Diplectrona modesta"
"TLA01",2022-03-29,"2","Eukaryota","Arthropoda","Malacostraca","Decapoda","Cambaridae","Cambarus",NA,1880,"Cambarus"
"TLA01",2022-08-12,"2","Eukaryota","Arthropoda","Insecta","Coleoptera","Psephenidae","Psephenus",NA,16,"Psephenus"
"TLA01",2022-08-12,"2","Eukaryota","Arthropoda","Insecta","Diptera","Chironomidae",NA,NA,58,"Chironomidae"
"TLA01",2022-08-12,"2","Eukaryota","Arthropoda","Insecta","Ephemeroptera","Baetidae","Procloeon",NA,77,"Procloeon"
"TLA01",2022-08-12,"2","Eukaryota","Arthropoda","Insecta","Ephemeroptera","Ephemerellidae","Eurylophella","Eurylophella verisimilis",29,"Eurylophella verisimilis"
"TLA01",2022-08-12,"2","Eukaryota","Arthropoda","Insecta","Ephemeroptera","Heptageniidae","Maccaffertium","Maccaffertium meririvulanum",656,"Maccaffertium meririvulanum"
"TLA01",2022-08-12,"2","Eukaryota","Arthropoda","Insecta","Hemiptera","Veliidae","Microvelia","Microvelia americana",9,"Microvelia americana"
"TLA01",2022-08-12,"2","Eukaryota","Arthropoda","Insecta","Odonata","Calopterygidae","Calopteryx","Calopteryx maculata",68,"Calopteryx maculata"
"TLA01",2022-08-12,"2","Eukaryota","Arthropoda","Insecta","Odonata","Gomphidae","Gomphus",NA,283,"Gomphus"
"TLA01",2022-08-12,"2","Eukaryota","Arthropoda","Insecta","Plecoptera","Peltoperlidae","Tallaperla",NA,521,"Tallaperla"
"TLA01",2022-08-12,"2","Eukaryota","Arthropoda","Insecta","Plecoptera","Perlidae","Eccoptura","Eccoptura xanthenes",13,"Eccoptura xanthenes"
"TLA01",2022-08-12,"2","Eukaryota","Arthropoda","Insecta","Trichoptera","Hydropsychidae","Diplectrona",NA,158,"Diplectrona"
"TLA01",2023-01-30,"2","Eukaryota","Arthropoda","Insecta","Coleoptera","Elmidae","Oulimnius","Oulimnius latiusculus",10,"Oulimnius latiusculus"
"TLA01",2023-01-30,"2","Eukaryota","Arthropoda","Insecta","Coleoptera","Elmidae","Stenelmis",NA,17,"Stenelmis"
"TLA01",2023-01-30,"2","Eukaryota","Arthropoda","Insecta","Diptera","Ceratopogonidae",NA,NA,17,"Ceratopogonidae"
"TLA01",2023-01-30,"2","Eukaryota","Arthropoda","Insecta","Diptera","Chironomidae",NA,NA,48,"Chironomidae"
"TLA01",2023-01-30,"2","Eukaryota","Arthropoda","Insecta","Diptera","Dixidae",NA,NA,21,"Dixidae"
"TLA01",2023-01-30,"2","Eukaryota","Arthropoda","Insecta","Ephemeroptera","Ephemerellidae","Ephemerella",NA,2229,"Ephemerella"
"TLA01",2023-01-30,"2","Eukaryota","Arthropoda","Insecta","Ephemeroptera","Ephemerellidae","Eurylophella","Eurylophella verisimilis",82,"Eurylophella verisimilis"
"TLA01",2023-01-30,"2","Eukaryota","Arthropoda","Insecta","Ephemeroptera","Leptophlebiidae","Habrophlebiodes","Habrophlebiodes americana",494,"Habrophlebiodes americana"
"TLA01",2023-01-30,"2","Eukaryota","Arthropoda","Insecta","Plecoptera","Chloroperlidae","Haploperla","Haploperla brevis",15,"Haploperla brevis"
"TLA01",2023-01-30,"2","Eukaryota","Arthropoda","Insecta","Trichoptera","Hydropsychidae","Diplectrona",NA,86,"Diplectrona"
"TLC01",2022-03-29,"2","Eukaryota","Arthropoda","Insecta","Diptera","Chironomidae","Conchapelopia",NA,42,"Conchapelopia"
"TLC01",2022-03-29,"2","Eukaryota","Arthropoda","Insecta","Diptera","Chironomidae","Parakiefferiella",NA,13,"Parakiefferiella"
"TLC01",2022-03-29,"2","Eukaryota","Arthropoda","Insecta","Diptera","Chironomidae","Parametriocnemus",NA,51,"Parametriocnemus"
"TLC01",2022-03-29,"2","Eukaryota","Arthropoda","Insecta","Diptera","Chironomidae","Rheotanytarsus",NA,45,"Rheotanytarsus"
"TLC01",2022-03-29,"2","Eukaryota","Arthropoda","Insecta","Diptera","Chironomidae","Tanytarsus",NA,10,"Tanytarsus"
"TLC01",2022-03-29,"2","Eukaryota","Arthropoda","Insecta","Diptera","Chironomidae",NA,NA,50,"Chironomidae"
"TLC01",2022-03-29,"2","Eukaryota","Arthropoda","Insecta","Diptera","Limoniidae",NA,NA,14,"Limoniidae"
"TLC01",2022-03-29,"2","Eukaryota","Arthropoda","Insecta","Diptera","Simuliidae","Simulium",NA,246,"Simulium"
"TLC01",2022-03-29,"2","Eukaryota","Arthropoda","Insecta","Diptera","Tipulidae","Tipula","Tipula abdominalis",140,"Tipula abdominalis"
"TLC01",2022-03-29,"2","Eukaryota","Arthropoda","Insecta","Ephemeroptera","Ephemerellidae","Ephemerella",NA,774,"Ephemerella"
"TLC01",2022-03-29,"2","Eukaryota","Arthropoda","Insecta","Ephemeroptera","Ephemerellidae","Eurylophella","Eurylophella verisimilis",432,"Eurylophella verisimilis"
"TLC01",2022-03-29,"2","Eukaryota","Arthropoda","Insecta","Ephemeroptera","Ephemeridae","Ephemera","Ephemera blanda",649,"Ephemera blanda"
"TLC01",2022-03-29,"2","Eukaryota","Arthropoda","Insecta","Odonata","Gomphidae","Gomphus","Gomphus graslinellus",8,"Gomphus graslinellus"
"TLC01",2022-03-29,"2","Eukaryota","Arthropoda","Insecta","Odonata","Gomphidae","Gomphus","Gomphus lividus",121,"Gomphus lividus"
"TLC01",2022-03-29,"2","Eukaryota","Arthropoda","Insecta","Plecoptera","Chloroperlidae","Haploperla","Haploperla brevis",13,"Haploperla brevis"
"TLC01",2022-03-29,"2","Eukaryota","Arthropoda","Insecta","Plecoptera","Nemouridae","Amphinemura",NA,10,"Amphinemura"
"TLC01",2022-03-29,"2","Eukaryota","Arthropoda","Insecta","Plecoptera","Peltoperlidae","Tallaperla","Tallaperla cornelia",21,"Tallaperla cornelia"
"TLC01",2022-03-29,"2","Eukaryota","Arthropoda","Insecta","Plecoptera","Perlidae","Perlesta","Perlesta nelsoni",158,"Perlesta nelsoni"
"TLC01",2022-03-29,"2","Eukaryota","Arthropoda","Insecta","Plecoptera","Perlodidae","Isoperla","Isoperla nr. holochlora BOLD:AAB1101",395,"Isoperla nr. holochlora BOLD:AAB1101"
"TLC01",2022-03-29,"2","Eukaryota","Arthropoda","Insecta","Trichoptera","Hydropsychidae","Diplectrona","Diplectrona modesta",67,"Diplectrona modesta"
"TLC01",2022-03-29,"2","Eukaryota","Arthropoda","Insecta","Trichoptera","Rhyacophilidae","Rhyacophila","Rhyacophila ledra",11,"Rhyacophila ledra"
"TLC01",2022-08-11,"2","Eukaryota","Arthropoda","Insecta","Coleoptera","Elmidae","Stenelmis",NA,533,"Stenelmis"
"TLC01",2022-08-11,"2","Eukaryota","Arthropoda","Insecta","Coleoptera","Elmidae",NA,NA,37,"Elmidae"
"TLC01",2022-08-11,"2","Eukaryota","Arthropoda","Insecta","Diptera","Ceratopogonidae",NA,NA,8,"Ceratopogonidae"
"TLC01",2022-08-11,"2","Eukaryota","Arthropoda","Insecta","Diptera","Chironomidae","Parametriocnemus",NA,106,"Parametriocnemus"
"TLC01",2022-08-11,"2","Eukaryota","Arthropoda","Insecta","Diptera","Chironomidae","Polypedilum",NA,36,"Polypedilum"
"TLC01",2022-08-11,"2","Eukaryota","Arthropoda","Insecta","Diptera","Chironomidae","Rheocricotopus",NA,23,"Rheocricotopus"
"TLC01",2022-08-11,"2","Eukaryota","Arthropoda","Insecta","Diptera","Chironomidae","Stempellinella","Stempellinella fimbriata",10,"Stempellinella fimbriata"
"TLC01",2022-08-11,"2","Eukaryota","Arthropoda","Insecta","Diptera","Chironomidae","Xylotopus",NA,10,"Xylotopus"
"TLC01",2022-08-11,"2","Eukaryota","Arthropoda","Insecta","Diptera","Simuliidae","Simulium",NA,49,"Simulium"
"TLC01",2022-08-11,"2","Eukaryota","Arthropoda","Insecta","Ephemeroptera","Baetidae","Acerpenna",NA,25,"Acerpenna"
"TLC01",2022-08-11,"2","Eukaryota","Arthropoda","Insecta","Ephemeroptera","Ephemerellidae","Eurylophella",NA,302,"Eurylophella"
"TLC01",2022-08-11,"2","Eukaryota","Arthropoda","Insecta","Odonata","Calopterygidae","Calopteryx",NA,124,"Calopteryx"
"TLC01",2022-08-11,"2","Eukaryota","Arthropoda","Insecta","Plecoptera","Leuctridae",NA,NA,22,"Leuctridae"
"TLC01",2022-08-11,"2","Eukaryota","Arthropoda","Insecta","Plecoptera","Peltoperlidae","Tallaperla",NA,105,"Tallaperla"
"TLC01",2022-08-11,"2","Eukaryota","Arthropoda","Insecta","Trichoptera","Hydropsychidae","Diplectrona","Diplectrona modesta",146,"Diplectrona modesta"
"TLC01",2022-08-11,"2","Eukaryota","Arthropoda","Malacostraca","Decapoda","Cambaridae","Lacunicambarus","Lacunicambarus acanthura",21,"Lacunicambarus acanthura"
"TLC01",2023-01-30,"2","Eukaryota","Annelida","Clitellata","Haplotaxida","Naididae","Nais",NA,29,"Nais"
"TLC01",2023-01-30,"2","Eukaryota","Arthropoda","Insecta","Coleoptera","Elmidae","Dubiraphia",NA,123,"Dubiraphia"
"TLC01",2023-01-30,"2","Eukaryota","Arthropoda","Insecta","Coleoptera","Elmidae","Optioservus",NA,46,"Optioservus"
"TLC01",2023-01-30,"2","Eukaryota","Arthropoda","Insecta","Coleoptera","Elmidae","Oulimnius",NA,29,"Oulimnius"
"TLC01",2023-01-30,"2","Eukaryota","Arthropoda","Insecta","Coleoptera","Elmidae","Stenelmis",NA,92,"Stenelmis"
"TLC01",2023-01-30,"2","Eukaryota","Arthropoda","Insecta","Diptera","Ceratopogonidae","Stilobezzia",NA,27,"Stilobezzia"
"TLC01",2023-01-30,"2","Eukaryota","Arthropoda","Insecta","Diptera","Chironomidae","Cricotopus",NA,191,"Cricotopus"
"TLC01",2023-01-30,"2","Eukaryota","Arthropoda","Insecta","Diptera","Chironomidae","Parametriocnemus",NA,304,"Parametriocnemus"
"TLC01",2023-01-30,"2","Eukaryota","Arthropoda","Insecta","Diptera","Chironomidae","Tvetenia","Tvetenia paucunca",13,"Tvetenia paucunca"
"TLC01",2023-01-30,"2","Eukaryota","Arthropoda","Insecta","Diptera","Simuliidae","Prosimulium","Prosimulium mixtum",102,"Prosimulium mixtum"
"TLC01",2023-01-30,"2","Eukaryota","Arthropoda","Insecta","Diptera","Simuliidae","Simulium",NA,173,"Simulium"
"TLC01",2023-01-30,"2","Eukaryota","Arthropoda","Insecta","Diptera","Simuliidae","Stegopterna",NA,76,"Stegopterna"
"TLC01",2023-01-30,"2","Eukaryota","Arthropoda","Insecta","Ephemeroptera","Ephemerellidae","Ephemerella",NA,1792,"Ephemerella"
"TLC01",2023-01-30,"2","Eukaryota","Arthropoda","Insecta","Ephemeroptera","Ephemerellidae","Eurylophella","Eurylophella verisimilis",100,"Eurylophella verisimilis"
"TLC01",2023-01-30,"2","Eukaryota","Arthropoda","Insecta","Megaloptera","Corydalidae","Nigronia","Nigronia serricornis",124,"Nigronia serricornis"
"TLC01",2023-01-30,"2","Eukaryota","Arthropoda","Insecta","Trichoptera","Calamoceratidae","Anisocentropus","Anisocentropus pyraloides",28,"Anisocentropus pyraloides"
"TLC01",2023-01-30,"2","Eukaryota","Arthropoda","Insecta","Trichoptera","Hydropsychidae","Diplectrona","Diplectrona modesta",14,"Diplectrona modesta"
"TLM01",2022-03-29,"1_2","Eukaryota","Arthropoda","Arachnida","Araneae","Tetragnathidae","Tetragnatha","Tetragnatha viridis",227,"Tetragnatha viridis"
"TLM01",2022-03-29,"1_2","Eukaryota","Arthropoda","Insecta","Coleoptera","Elmidae","Optioservus",NA,190,"Optioservus"
"TLM01",2022-03-29,"1_2","Eukaryota","Arthropoda","Insecta","Coleoptera","Elmidae","Oulimnius","Oulimnius latiusculus",14,"Oulimnius latiusculus"
"TLM01",2022-03-29,"1_2","Eukaryota","Arthropoda","Insecta","Coleoptera","Psephenidae","Ectopria",NA,90,"Ectopria"
"TLM01",2022-03-29,"1_2","Eukaryota","Arthropoda","Insecta","Diptera","Chironomidae","Rheocricotopus",NA,127,"Rheocricotopus"
"TLM01",2022-03-29,"1_2","Eukaryota","Arthropoda","Insecta","Diptera","Chironomidae","Rheotanytarsus",NA,8,"Rheotanytarsus"
"TLM01",2022-03-29,"1_2","Eukaryota","Arthropoda","Insecta","Diptera","Chironomidae","Tanytarsus",NA,62,"Tanytarsus"
"TLM01",2022-03-29,"1_2","Eukaryota","Arthropoda","Insecta","Diptera","Chironomidae","Thienemanniella","Thienemanniella xena",9,"Thienemanniella xena"
"TLM01",2022-03-29,"1_2","Eukaryota","Arthropoda","Insecta","Diptera","Dolichopodidae",NA,NA,29,"Dolichopodidae"
"TLM01",2022-03-29,"1_2","Eukaryota","Arthropoda","Insecta","Diptera","Simuliidae","Simulium",NA,1242,"Simulium"
"TLM01",2022-03-29,"1_2","Eukaryota","Arthropoda","Insecta","Ephemeroptera","Ephemerellidae","Ephemerella",NA,8792,"Ephemerella"
"TLM01",2022-03-29,"1_2","Eukaryota","Arthropoda","Insecta","Ephemeroptera",NA,NA,NA,227,"Ephemeroptera"
"TLM01",2022-03-29,"1_2","Eukaryota","Arthropoda","Insecta","Plecoptera","Chloroperlidae","Haploperla","Haploperla brevis",114,"Haploperla brevis"
"TLM01",2022-03-29,"1_2","Eukaryota","Arthropoda","Insecta","Plecoptera","Leuctridae",NA,NA,14,"Leuctridae"
"TLM01",2022-03-29,"1_2","Eukaryota","Arthropoda","Insecta","Plecoptera","Peltoperlidae","Tallaperla",NA,1410,"Tallaperla"
"TLM01",2022-03-29,"1_2","Eukaryota","Arthropoda","Insecta","Trichoptera","Hydropsychidae","Diplectrona","Diplectrona modesta",277,"Diplectrona modesta"
"TLM01",2022-03-29,"1_2","Eukaryota","Arthropoda","Insecta","Trichoptera","Lepidostomatidae","Lepidostoma","Lepidostoma griseum",33,"Lepidostoma griseum"
"TLM01",2022-03-29,"1_2","Eukaryota","Arthropoda","Insecta","Trichoptera","Philopotamidae","Chimarra",NA,152,"Chimarra"
"TLM01",2022-08-11,"1_2","Eukaryota","Arthropoda","Insecta","Coleoptera","Elmidae","Optioservus",NA,49,"Optioservus"
"TLM01",2022-08-11,"1_2","Eukaryota","Arthropoda","Insecta","Coleoptera","Elmidae","Stenelmis",NA,38,"Stenelmis"
"TLM01",2022-08-11,"1_2","Eukaryota","Arthropoda","Insecta","Coleoptera","Elmidae",NA,NA,12,"Elmidae"
"TLM01",2022-08-11,"1_2","Eukaryota","Arthropoda","Insecta","Diptera","Chironomidae","Cryptochironomus",NA,11,"Cryptochironomus"
"TLM01",2022-08-11,"1_2","Eukaryota","Arthropoda","Insecta","Diptera","Chironomidae","Lauterborniella","Lauterborniella agrayloides",51,"Lauterborniella agrayloides"
"TLM01",2022-08-11,"1_2","Eukaryota","Arthropoda","Insecta","Diptera","Chironomidae","Rheotanytarsus",NA,8,"Rheotanytarsus"
"TLM01",2022-08-11,"1_2","Eukaryota","Arthropoda","Insecta","Diptera","Chironomidae","Stempellinella","Stempellinella fimbriata",35,"Stempellinella fimbriata"
"TLM01",2022-08-11,"1_2","Eukaryota","Arthropoda","Insecta","Diptera","Chironomidae","Tanytarsus",NA,143,"Tanytarsus"
"TLM01",2022-08-11,"1_2","Eukaryota","Arthropoda","Insecta","Diptera","Chironomidae","Tribelos",NA,56,"Tribelos"
"TLM01",2022-08-11,"1_2","Eukaryota","Arthropoda","Insecta","Ephemeroptera","Ephemerellidae","Eurylophella","Eurylophella verisimilis",16,"Eurylophella verisimilis"
"TLM01",2022-08-11,"1_2","Eukaryota","Arthropoda","Insecta","Ephemeroptera","Heptageniidae","Leucrocuta",NA,257,"Leucrocuta"
"TLM01",2022-08-11,"1_2","Eukaryota","Arthropoda","Insecta","Ephemeroptera","Heptageniidae","Maccaffertium","Maccaffertium ithaca",60,"Maccaffertium ithaca"
"TLM01",2022-08-11,"1_2","Eukaryota","Arthropoda","Insecta","Odonata","Calopterygidae","Calopteryx",NA,41,"Calopteryx"
"TLM01",2022-08-11,"1_2","Eukaryota","Arthropoda","Insecta","Plecoptera","Leuctridae",NA,NA,50,"Leuctridae"
"TLM01",2022-08-11,"1_2","Eukaryota","Arthropoda","Insecta","Plecoptera","Peltoperlidae","Tallaperla",NA,446,"Tallaperla"
"TLM01",2022-08-11,"1_2","Eukaryota","Arthropoda","Insecta","Plecoptera","Perlidae","Eccoptura",NA,86,"Eccoptura"
"TLM01",2022-08-11,"1_2","Eukaryota","Arthropoda","Insecta","Trichoptera","Leptoceridae","Mystacides","Mystacides sepulchralis",8,"Mystacides sepulchralis"
"TLM01",2023-01-30,"1_2","Eukaryota","Arthropoda","Insecta","Coleoptera","Elmidae","Oulimnius",NA,19,"Oulimnius"
"TLM01",2023-01-30,"1_2","Eukaryota","Arthropoda","Insecta","Diptera","Chironomidae",NA,NA,226,"Chironomidae"
"TLM01",2023-01-30,"1_2","Eukaryota","Arthropoda","Insecta","Diptera","Simuliidae","Simulium",NA,2871,"Simulium"
"TLM01",2023-01-30,"1_2","Eukaryota","Arthropoda","Insecta","Diptera","Simuliidae",NA,NA,1864,"Simuliidae"
"TLM01",2023-01-30,"1_2","Eukaryota","Arthropoda","Insecta","Ephemeroptera","Ephemerellidae","Ephemerella",NA,4722,"Ephemerella"
"TLM01",2023-01-30,"1_2","Eukaryota","Arthropoda","Insecta","Ephemeroptera","Ephemerellidae","Eurylophella","Eurylophella verisimilis",733,"Eurylophella verisimilis"
"TLM01",2023-01-30,"1_2","Eukaryota","Arthropoda","Insecta","Ephemeroptera","Leptophlebiidae","Habrophlebiodes","Habrophlebiodes americana",331,"Habrophlebiodes americana"
"TLM01",2023-01-30,"1_2","Eukaryota","Arthropoda","Insecta","Plecoptera","Peltoperlidae","Tallaperla",NA,8486,"Tallaperla"
"TLM01",2023-01-30,"1_2","Eukaryota","Arthropoda","Insecta","Trichoptera","Hydropsychidae","Cheumatopsyche",NA,169,"Cheumatopsyche"
"TLM06",2022-03-29,"2","Eukaryota","Arthropoda","Insecta","Coleoptera","Elmidae","Optioservus",NA,11,"Optioservus"
"TLM06",2022-03-29,"2","Eukaryota","Arthropoda","Insecta","Coleoptera","Elmidae","Oulimnius",NA,13,"Oulimnius"
"TLM06",2022-03-29,"2","Eukaryota","Arthropoda","Insecta","Coleoptera","Elmidae","Stenelmis",NA,219,"Stenelmis"
"TLM06",2022-03-29,"2","Eukaryota","Arthropoda","Insecta","Coleoptera","Elmidae",NA,NA,434,"Elmidae"
"TLM06",2022-03-29,"2","Eukaryota","Arthropoda","Insecta","Diptera","Ceratopogonidae","Palpomyia",NA,8,"Palpomyia"
"TLM06",2022-03-29,"2","Eukaryota","Arthropoda","Insecta","Diptera","Chironomidae","Clinotanypus",NA,18,"Clinotanypus"
"TLM06",2022-03-29,"2","Eukaryota","Arthropoda","Insecta","Diptera","Chironomidae","Parakiefferiella",NA,8,"Parakiefferiella"
"TLM06",2022-03-29,"2","Eukaryota","Arthropoda","Insecta","Diptera","Chironomidae","Polypedilum",NA,17,"Polypedilum"
"TLM06",2022-03-29,"2","Eukaryota","Arthropoda","Insecta","Diptera","Chironomidae","Rheocricotopus","Rheocricotopus robacki",8,"Rheocricotopus robacki"
"TLM06",2022-03-29,"2","Eukaryota","Arthropoda","Insecta","Diptera","Chironomidae","Stempellinella","Stempellinella fimbriata",8,"Stempellinella fimbriata"
"TLM06",2022-03-29,"2","Eukaryota","Arthropoda","Insecta","Diptera","Chironomidae","Tanytarsus",NA,80,"Tanytarsus"
"TLM06",2022-03-29,"2","Eukaryota","Arthropoda","Insecta","Diptera","Chironomidae","Thienemanniella","Thienemanniella xena",70,"Thienemanniella xena"
"TLM06",2022-03-29,"2","Eukaryota","Arthropoda","Insecta","Diptera","Simuliidae","Simulium",NA,16,"Simulium"
"TLM06",2022-03-29,"2","Eukaryota","Arthropoda","Insecta","Ephemeroptera","Baetidae","Acerpenna",NA,21,"Acerpenna"
"TLM06",2022-03-29,"2","Eukaryota","Arthropoda","Insecta","Ephemeroptera","Ephemerellidae","Ephemerella",NA,2149,"Ephemerella"
"TLM06",2022-03-29,"2","Eukaryota","Arthropoda","Insecta","Ephemeroptera","Ephemerellidae","Eurylophella","Eurylophella verisimilis",97,"Eurylophella verisimilis"
"TLM06",2022-03-29,"2","Eukaryota","Arthropoda","Insecta","Ephemeroptera","Heptageniidae","Leucrocuta",NA,62,"Leucrocuta"
"TLM06",2022-03-29,"2","Eukaryota","Arthropoda","Insecta","Odonata","Calopterygidae","Calopteryx","Calopteryx maculata",282,"Calopteryx maculata"
"TLM06",2022-03-29,"2","Eukaryota","Arthropoda","Insecta","Plecoptera","Chloroperlidae","Alloperla",NA,12,"Alloperla"
"TLM06",2022-03-29,"2","Eukaryota","Arthropoda","Insecta","Plecoptera","Peltoperlidae","Tallaperla","Tallaperla cornelia",31,"Tallaperla cornelia"
"TLM06",2022-03-29,"2","Eukaryota","Arthropoda","Insecta","Plecoptera","Perlidae","Perlesta","Perlesta nelsoni",202,"Perlesta nelsoni"
"TLM06",2022-03-29,"2","Eukaryota","Arthropoda","Insecta","Trichoptera","Calamoceratidae","Anisocentropus","Anisocentropus pyraloides",128,"Anisocentropus pyraloides"
"TLM06",2022-03-29,"2","Eukaryota","Arthropoda","Insecta","Trichoptera","Hydropsychidae","Diplectrona","Diplectrona modesta",10,"Diplectrona modesta"
"TLM06",2022-03-29,"2","Eukaryota","Arthropoda","Insecta","Trichoptera","Lepidostomatidae","Lepidostoma","Lepidostoma latipenne",78,"Lepidostoma latipenne"
"TLM06",2022-03-29,"2","Eukaryota","Arthropoda","Insecta","Trichoptera","Limnephilidae","Pycnopsyche","Pycnopsyche antica",288,"Pycnopsyche antica"
"TLM06",2022-03-29,"2","Eukaryota","Arthropoda","Insecta","Trichoptera","Limnephilidae","Pycnopsyche","Pycnopsyche luculenta",664,"Pycnopsyche luculenta"
"TLM06",2022-03-29,"2","Eukaryota","Arthropoda","Insecta","Trichoptera","Philopotamidae","Chimarra",NA,221,"Chimarra"
"TLM06",2022-08-11,"2","Eukaryota","Annelida","Clitellata","Haplotaxida","Naididae","Aulodrilus","Aulodrilus pluriseta",8,"Aulodrilus pluriseta"
"TLM06",2022-08-11,"2","Eukaryota","Arthropoda","Hexanauplia","Cyclopoida","Cyclopidae","Macrocyclops",NA,33,"Macrocyclops"
"TLM06",2022-08-11,"2","Eukaryota","Arthropoda","Hexanauplia","Cyclopoida","Cyclopidae",NA,NA,34,"Cyclopidae"
"TLM06",2022-08-11,"2","Eukaryota","Arthropoda","Insecta","Coleoptera","Elmidae","Dubiraphia",NA,185,"Dubiraphia"
"TLM06",2022-08-11,"2","Eukaryota","Arthropoda","Insecta","Coleoptera","Elmidae","Macronychus",NA,381,"Macronychus"
"TLM06",2022-08-11,"2","Eukaryota","Arthropoda","Insecta","Coleoptera","Elmidae","Stenelmis",NA,41,"Stenelmis"
"TLM06",2022-08-11,"2","Eukaryota","Arthropoda","Insecta","Coleoptera","Elmidae",NA,NA,1797,"Elmidae"
"TLM06",2022-08-11,"2","Eukaryota","Arthropoda","Insecta","Diptera","Chironomidae","Ablabesmyia",NA,22,"Ablabesmyia"
"TLM06",2022-08-11,"2","Eukaryota","Arthropoda","Insecta","Diptera","Chironomidae","Clinotanypus",NA,8,"Clinotanypus"
"TLM06",2022-08-11,"2","Eukaryota","Arthropoda","Insecta","Diptera","Chironomidae","Parametriocnemus",NA,9,"Parametriocnemus"
"TLM06",2022-08-11,"2","Eukaryota","Arthropoda","Insecta","Diptera","Chironomidae","Procladius",NA,36,"Procladius"
"TLM06",2022-08-11,"2","Eukaryota","Arthropoda","Insecta","Diptera","Chironomidae","Rheocricotopus",NA,27,"Rheocricotopus"
"TLM06",2022-08-11,"2","Eukaryota","Arthropoda","Insecta","Diptera","Chironomidae","Tanytarsus",NA,35,"Tanytarsus"
"TLM06",2022-08-11,"2","Eukaryota","Arthropoda","Insecta","Diptera","Chironomidae",NA,NA,258,"Chironomidae"
"TLM06",2022-08-11,"2","Eukaryota","Arthropoda","Insecta","Diptera","Ptychopteridae","Bittacomorpha","Bittacomorpha clavipes",21,"Bittacomorpha clavipes"
"TLM06",2022-08-11,"2","Eukaryota","Arthropoda","Insecta","Diptera","Simuliidae","Simulium",NA,57,"Simulium"
"TLM06",2022-08-11,"2","Eukaryota","Arthropoda","Insecta","Ephemeroptera","Baetidae",NA,NA,28,"Baetidae"
"TLM06",2022-08-11,"2","Eukaryota","Arthropoda","Insecta","Ephemeroptera","Ephemerellidae","Eurylophella",NA,90,"Eurylophella"
"TLM06",2022-08-11,"2","Eukaryota","Arthropoda","Insecta","Ephemeroptera","Leptophlebiidae","Leptophlebia",NA,10,"Leptophlebia"
"TLM06",2022-08-11,"2","Eukaryota","Arthropoda","Insecta","Odonata","Calopterygidae","Calopteryx","Calopteryx maculata",94,"Calopteryx maculata"
"TLM06",2022-08-11,"2","Eukaryota","Arthropoda","Insecta","Odonata","Gomphidae","Gomphus",NA,60,"Gomphus"
"TLM06",2022-08-11,"2","Eukaryota","Arthropoda","Insecta","Plecoptera","Leuctridae",NA,NA,314,"Leuctridae"
"TLM06",2022-08-11,"2","Eukaryota","Arthropoda","Insecta","Plecoptera","Peltoperlidae","Tallaperla",NA,455,"Tallaperla"
"TLM06",2022-08-11,"2","Eukaryota","Arthropoda","Insecta","Plecoptera","Perlidae","Eccoptura",NA,37,"Eccoptura"
"TLM06",2022-08-11,"2","Eukaryota","Arthropoda","Insecta","Trichoptera","Hydropsychidae","Diplectrona","Diplectrona modesta",134,"Diplectrona modesta"
"TLM06",2023-01-30,"2","Eukaryota","Arthropoda","Insecta","Coleoptera","Elmidae","Optioservus",NA,10,"Optioservus"
"TLM06",2023-01-30,"2","Eukaryota","Arthropoda","Insecta","Coleoptera","Elmidae",NA,NA,163,"Elmidae"
"TLM06",2023-01-30,"2","Eukaryota","Arthropoda","Insecta","Ephemeroptera","Ephemerellidae","Ephemerella",NA,130,"Ephemerella"
"TLM06",2023-01-30,"2","Eukaryota","Arthropoda","Insecta","Ephemeroptera","Ephemerellidae","Eurylophella","Eurylophella verisimilis",107,"Eurylophella verisimilis"
"TLM06",2023-01-30,"2","Eukaryota","Arthropoda","Insecta","Ephemeroptera","Leptophlebiidae","Habrophlebiodes","Habrophlebiodes americana",349,"Habrophlebiodes americana"
"TLM06",2023-01-30,"2","Eukaryota","Arthropoda","Insecta","Megaloptera","Corydalidae","Nigronia","Nigronia fasciatus",28,"Nigronia fasciatus"
"TLM06",2023-01-30,"2","Eukaryota","Arthropoda","Insecta","Plecoptera","Perlidae","Eccoptura",NA,89,"Eccoptura"
"TLM06",2023-01-30,"2","Eukaryota","Arthropoda","Insecta","Trichoptera","Calamoceratidae","Anisocentropus","Anisocentropus pyraloides",19,"Anisocentropus pyraloides"
"TLM06",2023-01-30,"2","Eukaryota","Arthropoda","Insecta","Trichoptera","Limnephilidae","Pycnopsyche","Pycnopsyche antica",37,"Pycnopsyche antica"
"TLM06",2023-01-30,"2","Eukaryota","Arthropoda","Insecta","Trichoptera","Limnephilidae","Pycnopsyche","Pycnopsyche luculenta",18,"Pycnopsyche luculenta"
"TLM10",2022-03-29,"2","Eukaryota","Arthropoda","Insecta","Coleoptera","Elmidae","Stenelmis",NA,9,"Stenelmis"
"TLM10",2022-03-29,"2","Eukaryota","Arthropoda","Insecta","Diptera","Chironomidae","Rheocricotopus","Rheocricotopus robacki",18,"Rheocricotopus robacki"
"TLM10",2022-03-29,"2","Eukaryota","Arthropoda","Insecta","Diptera","Chironomidae","Tanytarsus",NA,14,"Tanytarsus"
"TLM10",2022-03-29,"2","Eukaryota","Arthropoda","Insecta","Ephemeroptera","Ephemerellidae","Ephemerella",NA,256,"Ephemerella"
"TLM10",2022-03-29,"2","Eukaryota","Arthropoda","Insecta","Ephemeroptera","Ephemerellidae","Eurylophella",NA,197,"Eurylophella"
"TLM10",2022-03-29,"2","Eukaryota","Arthropoda","Insecta","Ephemeroptera","Heptageniidae","Leucrocuta",NA,434,"Leucrocuta"
"TLM10",2022-03-29,"2","Eukaryota","Arthropoda","Insecta","Ephemeroptera","Heptageniidae","Maccaffertium","Maccaffertium ithaca",146,"Maccaffertium ithaca"
"TLM10",2022-03-29,"2","Eukaryota","Arthropoda","Insecta","Ephemeroptera","Heptageniidae","Stenacron","Stenacron pallidum",17,"Stenacron pallidum"
"TLM10",2022-03-29,"2","Eukaryota","Arthropoda","Insecta","Plecoptera","Chloroperlidae","Haploperla","Haploperla brevis",34,"Haploperla brevis"
"TLM10",2022-03-29,"2","Eukaryota","Arthropoda","Insecta","Plecoptera","Peltoperlidae","Tallaperla",NA,7764,"Tallaperla"
"TLM10",2022-03-29,"2","Eukaryota","Arthropoda","Insecta","Plecoptera","Perlidae","Perlesta","Perlesta nelsoni",14,"Perlesta nelsoni"
"TLM10",2022-08-11,"2","Eukaryota","Arthropoda","Insecta","Coleoptera","Elmidae","Oulimnius",NA,19,"Oulimnius"
"TLM10",2022-08-11,"2","Eukaryota","Arthropoda","Insecta","Coleoptera","Elmidae","Stenelmis",NA,1751,"Stenelmis"
"TLM10",2022-08-11,"2","Eukaryota","Arthropoda","Insecta","Coleoptera","Elmidae",NA,NA,18,"Elmidae"
"TLM10",2022-08-11,"2","Eukaryota","Arthropoda","Insecta","Diptera","Chironomidae","Lauterborniella","Lauterborniella agrayloides",14,"Lauterborniella agrayloides"
"TLM10",2022-08-11,"2","Eukaryota","Arthropoda","Insecta","Diptera","Chironomidae","Parakiefferiella",NA,48,"Parakiefferiella"
"TLM10",2022-08-11,"2","Eukaryota","Arthropoda","Insecta","Diptera","Chironomidae","Polypedilum",NA,77,"Polypedilum"
"TLM10",2022-08-11,"2","Eukaryota","Arthropoda","Insecta","Diptera","Chironomidae","Rheotanytarsus",NA,20,"Rheotanytarsus"
"TLM10",2022-08-11,"2","Eukaryota","Arthropoda","Insecta","Diptera","Chironomidae","Stempellinella","Stempellinella fimbriata",99,"Stempellinella fimbriata"
"TLM10",2022-08-11,"2","Eukaryota","Arthropoda","Insecta","Diptera","Chironomidae","Tanytarsus",NA,181,"Tanytarsus"
"TLM10",2022-08-11,"2","Eukaryota","Arthropoda","Insecta","Ephemeroptera","Ephemerellidae","Eurylophella",NA,335,"Eurylophella"
"TLM10",2022-08-11,"2","Eukaryota","Arthropoda","Insecta","Ephemeroptera","Ephemeridae","Hexagenia",NA,143,"Hexagenia"
"TLM10",2022-08-11,"2","Eukaryota","Arthropoda","Insecta","Hemiptera","Veliidae","Rhagovelia",NA,8,"Rhagovelia"
"TLM10",2022-08-11,"2","Eukaryota","Arthropoda","Insecta","Odonata","Calopterygidae","Calopteryx","Calopteryx maculata",109,"Calopteryx maculata"
"TLM10",2022-08-11,"2","Eukaryota","Arthropoda","Insecta","Odonata","Cordulegastridae","Cordulegaster",NA,78,"Cordulegaster"
"TLM10",2022-08-11,"2","Eukaryota","Arthropoda","Insecta","Odonata","Gomphidae","Gomphus",NA,144,"Gomphus"
"TLM10",2022-08-11,"2","Eukaryota","Arthropoda","Insecta","Plecoptera","Peltoperlidae","Tallaperla",NA,92,"Tallaperla"
"TLM10",2022-08-11,"2","Eukaryota","Arthropoda","Insecta","Trichoptera","Hydropsychidae","Diplectrona","Diplectrona modesta",98,"Diplectrona modesta"
"TLM10",2022-08-11,"2","Eukaryota","Mollusca","Gastropoda","unk_order","Pleuroceridae","Elimia",NA,1451,"Elimia"
"TLM10",2023-01-30,"2","Eukaryota","Arthropoda","Insecta","Coleoptera","Elmidae","Optioservus",NA,65,"Optioservus"
"TLM10",2023-01-30,"2","Eukaryota","Arthropoda","Insecta","Coleoptera","Elmidae",NA,NA,14,"Elmidae"
"TLM10",2023-01-30,"2","Eukaryota","Arthropoda","Insecta","Diptera","Ceratopogonidae","Palpomyia",NA,18,"Palpomyia"
"TLM10",2023-01-30,"2","Eukaryota","Arthropoda","Insecta","Diptera","Chironomidae","Stempellinella","Stempellinella fimbriata",10,"Stempellinella fimbriata"
"TLM10",2023-01-30,"2","Eukaryota","Arthropoda","Insecta","Diptera","Simuliidae","Prosimulium","Prosimulium mixtum",99,"Prosimulium mixtum"
"TLM10",2023-01-30,"2","Eukaryota","Arthropoda","Insecta","Ephemeroptera","Ephemerellidae","Ephemerella",NA,2101,"Ephemerella"
"TLM10",2023-01-30,"2","Eukaryota","Arthropoda","Insecta","Ephemeroptera","Ephemerellidae","Eurylophella","Eurylophella verisimilis",71,"Eurylophella verisimilis"
"TLM10",2023-01-30,"2","Eukaryota","Arthropoda","Insecta","Ephemeroptera","Leptophlebiidae","Habrophlebiodes","Habrophlebiodes americana",13,"Habrophlebiodes americana"
"TLM10",2023-01-30,"2","Eukaryota","Arthropoda","Insecta","Odonata","Gomphidae","Stylogomphus",NA,14,"Stylogomphus"
"TLM10",2023-01-30,"2","Eukaryota","Arthropoda","Insecta","Trichoptera","Limnephilidae","Pycnopsyche","Pycnopsyche antica",226,"Pycnopsyche antica"
"TLM10",2023-01-30,"2","Eukaryota","Arthropoda","Insecta","Trichoptera","Limnephilidae","Pycnopsyche","Pycnopsyche luculenta",18,"Pycnopsyche luculenta"
"TLM10",2023-01-30,"2","Eukaryota","Arthropoda","Malacostraca","Decapoda","Cambaridae","Cambarus",NA,288,"Cambarus"
"TLM16",2022-03-30,"2","Eukaryota","Arthropoda","Insecta","Coleoptera","Elmidae","Oulimnius",NA,22,"Oulimnius"
"TLM16",2022-03-30,"2","Eukaryota","Arthropoda","Insecta","Coleoptera","Elmidae","Stenelmis",NA,96,"Stenelmis"
"TLM16",2022-03-30,"2","Eukaryota","Arthropoda","Insecta","Coleoptera","Elmidae",NA,NA,15,"Elmidae"
"TLM16",2022-03-30,"2","Eukaryota","Arthropoda","Insecta","Diptera","Simuliidae","Simulium",NA,334,"Simulium"
"TLM16",2022-03-30,"2","Eukaryota","Arthropoda","Insecta","Ephemeroptera","Ephemerellidae","Ephemerella",NA,5334,"Ephemerella"
"TLM16",2022-03-30,"2","Eukaryota","Arthropoda","Insecta","Ephemeroptera","Ephemerellidae","Eurylophella","Eurylophella verisimilis",194,"Eurylophella verisimilis"
"TLM16",2022-03-30,"2","Eukaryota","Arthropoda","Insecta","Ephemeroptera","Heptageniidae","Maccaffertium","Maccaffertium meririvulanum",237,"Maccaffertium meririvulanum"
"TLM16",2022-03-30,"2","Eukaryota","Arthropoda","Insecta","Megaloptera","Corydalidae","Nigronia","Nigronia fasciatus",18,"Nigronia fasciatus"
"TLM16",2022-03-30,"2","Eukaryota","Arthropoda","Insecta","Plecoptera","Chloroperlidae","Haploperla","Haploperla brevis",25,"Haploperla brevis"
"TLM16",2022-03-30,"2","Eukaryota","Arthropoda","Insecta","Plecoptera","Peltoperlidae","Tallaperla",NA,568,"Tallaperla"
"TLM16",2022-03-30,"2","Eukaryota","Arthropoda","Insecta","Plecoptera","Perlodidae","Isoperla","Isoperla nr. holochlora BOLD:AAB1101",256,"Isoperla nr. holochlora BOLD:AAB1101"
"TLM16",2022-03-30,"2","Eukaryota","Arthropoda","Insecta","Trichoptera","Hydropsychidae","Diplectrona","Diplectrona modesta",143,"Diplectrona modesta"
"TLM16",2022-08-12,"2","Eukaryota","Arthropoda","Insecta","Coleoptera","Elmidae","Oulimnius",NA,22,"Oulimnius"
"TLM16",2022-08-12,"2","Eukaryota","Arthropoda","Insecta","Coleoptera","Elmidae","Stenelmis",NA,141,"Stenelmis"
"TLM16",2022-08-12,"2","Eukaryota","Arthropoda","Insecta","Coleoptera","Elmidae",NA,NA,43,"Elmidae"
"TLM16",2022-08-12,"2","Eukaryota","Arthropoda","Insecta","Diptera","Ceratopogonidae",NA,NA,73,"Ceratopogonidae"
"TLM16",2022-08-12,"2","Eukaryota","Arthropoda","Insecta","Diptera","Chironomidae","Cricotopus",NA,90,"Cricotopus"
"TLM16",2022-08-12,"2","Eukaryota","Arthropoda","Insecta","Diptera","Chironomidae",NA,NA,824,"Chironomidae"
"TLM16",2022-08-12,"2","Eukaryota","Arthropoda","Insecta","Ephemeroptera","Ephemerellidae","Eurylophella","Eurylophella verisimilis",125,"Eurylophella verisimilis"
"TLM16",2022-08-12,"2","Eukaryota","Arthropoda","Insecta","Odonata","Gomphidae","Gomphus",NA,8,"Gomphus"
"TLM16",2022-08-12,"2","Eukaryota","Arthropoda","Insecta","Plecoptera","Peltoperlidae","Tallaperla","Tallaperla cornelia",79,"Tallaperla cornelia"
"TLM16",2022-08-12,"2","Eukaryota","Arthropoda","Insecta","Plecoptera","Perlidae","Eccoptura",NA,13,"Eccoptura"
"TLM16",2022-08-12,"2","Eukaryota","Arthropoda","Insecta","Plecoptera","Perlidae","Perlesta","Perlesta nelsoni",13,"Perlesta nelsoni"
"TLM16",2022-08-12,"2","Eukaryota","Arthropoda","Insecta","Trichoptera","Hydropsychidae","Diplectrona","Diplectrona modesta",62,"Diplectrona modesta"
"TLM16",2023-01-30,"2","Eukaryota","Arthropoda","Insecta","Coleoptera","Elmidae","Oulimnius","Oulimnius latiusculus",51,"Oulimnius latiusculus"
"TLM16",2023-01-30,"2","Eukaryota","Arthropoda","Insecta","Coleoptera","Elmidae","Stenelmis",NA,401,"Stenelmis"
"TLM16",2023-01-30,"2","Eukaryota","Arthropoda","Insecta","Diptera","Ceratopogonidae",NA,NA,10,"Ceratopogonidae"
"TLM16",2023-01-30,"2","Eukaryota","Arthropoda","Insecta","Diptera","Chironomidae","Paraphaenocladius",NA,113,"Paraphaenocladius"
"TLM16",2023-01-30,"2","Eukaryota","Arthropoda","Insecta","Diptera","Chironomidae",NA,NA,75,"Chironomidae"
"TLM16",2023-01-30,"2","Eukaryota","Arthropoda","Insecta","Diptera","Dixidae",NA,NA,79,"Dixidae"
"TLM16",2023-01-30,"2","Eukaryota","Arthropoda","Insecta","Diptera","Simuliidae","Prosimulium","Prosimulium mixtum",156,"Prosimulium mixtum"
"TLM16",2023-01-30,"2","Eukaryota","Arthropoda","Insecta","Ephemeroptera","Ephemerellidae","Ephemerella",NA,1723,"Ephemerella"
"TLM16",2023-01-30,"2","Eukaryota","Arthropoda","Insecta","Ephemeroptera","Ephemerellidae","Eurylophella","Eurylophella verisimilis",69,"Eurylophella verisimilis"
"TLM16",2023-01-30,"2","Eukaryota","Arthropoda","Insecta","Plecoptera","Peltoperlidae","Tallaperla",NA,13,"Tallaperla"
"TLM16",2023-01-30,"2","Eukaryota","Arthropoda","Insecta","Plecoptera","Perlidae",NA,NA,8,"Perlidae"
"TLM19",2022-03-30,"2","Eukaryota","Arthropoda","Insecta","Coleoptera","Ptilodactylidae","Ptilodactyla","Ptilodactyla serricollis",4530,"Ptilodactyla serricollis"
"TLM19",2022-03-30,"2","Eukaryota","Arthropoda","Insecta","Diptera","Chironomidae","Thienemanniella","Thienemanniella xena",679,"Thienemanniella xena"
"TLM19",2022-03-30,"2","Eukaryota","Arthropoda","Insecta","Diptera","Chironomidae","Tvetenia","Tvetenia paucunca",1437,"Tvetenia paucunca"
"TLM19",2022-03-30,"2","Eukaryota","Arthropoda","Malacostraca","Decapoda","Cambaridae","Cambarus",NA,2848,"Cambarus"
"TLM19",2022-03-30,"2","Eukaryota","Arthropoda","Malacostraca","Decapoda","Cambaridae",NA,NA,44,"Cambaridae"
"TLM19",2022-08-12,"2","Eukaryota","Arthropoda","Arachnida","Sarcoptiformes","Oripodidae",NA,NA,12,"Oripodidae"
"TLM19",2022-08-12,"2","Eukaryota","Arthropoda","Insecta","Coleoptera","Elmidae","Oulimnius",NA,42,"Oulimnius"
"TLM19",2022-08-12,"2","Eukaryota","Arthropoda","Insecta","Diptera","Ceratopogonidae",NA,NA,32,"Ceratopogonidae"
"TLM19",2022-08-12,"2","Eukaryota","Arthropoda","Insecta","Diptera","Chironomidae","Cricotopus",NA,1242,"Cricotopus"
"TLM19",2022-08-12,"2","Eukaryota","Arthropoda","Insecta","Diptera","Chironomidae","Thienemannimyia",NA,65,"Thienemannimyia"
"TLM19",2022-08-12,"2","Eukaryota","Arthropoda","Insecta","Diptera","Chironomidae",NA,NA,122,"Chironomidae"
"TLM19",2022-08-12,"2","Eukaryota","Arthropoda","Insecta","Hemiptera","Corixidae",NA,NA,2827,"Corixidae"
"TLM19",2023-01-30,"2","Eukaryota","Arthropoda","Insecta","Coleoptera","Elmidae","Stenelmis",NA,295,"Stenelmis"
"TLM19",2023-01-30,"2","Eukaryota","Arthropoda","Insecta","Diptera","Chironomidae","Parametriocnemus",NA,29,"Parametriocnemus"
"TLM19",2023-01-30,"2","Eukaryota","Arthropoda","Insecta","Diptera","Chironomidae",NA,NA,967,"Chironomidae"
"TLM19",2023-01-30,"2","Eukaryota","Arthropoda","Insecta","Diptera","Simuliidae","Prosimulium","Prosimulium mixtum",165,"Prosimulium mixtum"
"TLM19",2023-01-30,"2","Eukaryota","Arthropoda","Insecta","Ephemeroptera","Ephemerellidae","Ephemerella",NA,57,"Ephemerella"
"TLM19",2023-01-30,"2","Eukaryota","Arthropoda","Insecta","Trichoptera","Hydropsychidae","Diplectrona","Diplectrona metaqui",1850,"Diplectrona metaqui"
"TLM19",2023-01-30,"2","Eukaryota","Arthropoda","Insecta","Trichoptera","Lepidostomatidae","Lepidostoma","Lepidostoma carrolli",22,"Lepidostoma carrolli"
