"site","date","approach","kingdom","phylum","class","order","family","genus","species","tot_read","Lowest_ID"
"TLA01",20220610,"3","Eukaryota","Arthropoda","Insecta","Coleoptera","Elmidae","Stenelmis",,186,"Stenelmis"
"TLA01",20220610,"3","Eukaryota","Arthropoda","Insecta","Coleoptera","Elmidae",,,349,"Elmidae"
"TLA01",20220610,"3","Eukaryota","Arthropoda","Insecta","Coleoptera","Psephenidae","Psephenus","Psephenus herricki",13,"Psephenus herricki"
"TLA01",20220610,"3","Eukaryota","Arthropoda","Insecta","Diptera","Chironomidae","Tanytarsus","Tanytarsus sp. BOLD-2016",17,"Tanytarsus sp. BOLD-2016"
"TLA01",20220610,"3","Eukaryota","Arthropoda","Insecta","Diptera","Chironomidae","Tanytarsus","Tanytarsus sp. BOLD:AAC0299",33,"Tanytarsus sp. BOLD:AAC0299"
"TLA01",20220610,"3","Eukaryota","Arthropoda","Insecta","Diptera","Chironomidae","Tanytarsus","Tanytarsus sp. BOLD:ACL3790",17,"Tanytarsus sp. BOLD:ACL3790"
"TLA01",20220610,"3","Eukaryota","Arthropoda","Insecta","Ephemeroptera","Heptageniidae","Maccaffertium","Maccaffertium meririvulanum",503,"Maccaffertium meririvulanum"
"TLA01",20220610,"3","Eukaryota","Arthropoda","Insecta","Megaloptera","Corydalidae","Nigronia","Nigronia fasciatus",18,"Nigronia fasciatus"
"TLA01",20220610,"3","Eukaryota","Arthropoda","Insecta","Odonata","Calopterygidae","Calopteryx",,96,"Calopteryx"
"TLA01",20220610,"3","Eukaryota","Arthropoda","Insecta","Plecoptera","Peltoperlidae","Tallaperla",,959,"Tallaperla"
"TLA01",20220610,"3","Eukaryota","Arthropoda","Insecta","Plecoptera","Perlidae","Eccoptura",,177,"Eccoptura"
"TLA01",20220610,"3","Eukaryota","Arthropoda","Insecta","Trichoptera","Hydropsychidae","Diplectrona","Diplectrona metaqui",126,"Diplectrona metaqui"
"TLA01",20220610,"3","Eukaryota","Arthropoda","Insecta","Trichoptera","Hydropsychidae","Diplectrona","Diplectrona modesta",2264,"Diplectrona modesta"
"TLA01",20220610,"3","Eukaryota","Arthropoda","Insecta","Trichoptera","Philopotamidae","Wormaldia",,19,"Wormaldia"
"TLA02",20220610,"3","Eukaryota","Arthropoda","Arachnida","Trombidiformes","Bdellidae",,,16,"Bdellidae"
"TLA02",20220610,"3","Eukaryota","Arthropoda","Insecta","Coleoptera","Elmidae","Oulimnius","Oulimnius latiusculus",29,"Oulimnius latiusculus"
"TLA02",20220610,"3","Eukaryota","Arthropoda","Insecta","Coleoptera","Elmidae","Stenelmis","Stenelmis sp. BOLD:AAC4909",103,"Stenelmis sp. BOLD:AAC4909"
"TLA02",20220610,"3","Eukaryota","Arthropoda","Insecta","Coleoptera","Psephenidae","Psephenus",,180,"Psephenus"
"TLA02",20220610,"3","Eukaryota","Arthropoda","Insecta","Diptera","Chironomidae","Parametriocnemus","Parametriocnemus sp. BOLD-2016",15,"Parametriocnemus sp. BOLD-2016"
"TLA02",20220610,"3","Eukaryota","Arthropoda","Insecta","Diptera","Chironomidae","Tanytarsus","Tanytarsus sp. BOLD:ACL3790",10,"Tanytarsus sp. BOLD:ACL3790"
"TLA02",20220610,"3","Eukaryota","Arthropoda","Insecta","Diptera","Empididae","Roederiodes","Roederiodes sp. BOLD:ABA0444",11,"Roederiodes sp. BOLD:ABA0444"
"TLA02",20220610,"3","Eukaryota","Arthropoda","Insecta","Diptera","Pediciidae","Dicranota","Dicranota sp. BOLD:ABW5265",23,"Dicranota sp. BOLD:ABW5265"
"TLA02",20220610,"3","Eukaryota","Arthropoda","Insecta","Ephemeroptera","Heptageniidae","Maccaffertium","Maccaffertium meririvulanum",1094,"Maccaffertium meririvulanum"
"TLA02",20220610,"3","Eukaryota","Arthropoda","Insecta","Hemiptera","Veliidae","Microvelia","Microvelia americana",8,"Microvelia americana"
"TLA02",20220610,"3","Eukaryota","Arthropoda","Insecta","Megaloptera","Corydalidae","Nigronia","Nigronia fasciatus",88,"Nigronia fasciatus"
"TLA02",20220610,"3","Eukaryota","Arthropoda","Insecta","Plecoptera","Peltoperlidae","Tallaperla","Tallaperla cornelia",34,"Tallaperla cornelia"
"TLA02",20220610,"3","Eukaryota","Arthropoda","Insecta","Plecoptera","Perlidae","Eccoptura",,48,"Eccoptura"
"TLA02",20220610,"3","Eukaryota","Arthropoda","Insecta","Trichoptera","Hydropsychidae","Diplectrona","Diplectrona metaqui",307,"Diplectrona metaqui"
"TLA04",20220610,"3","Eukaryota","Arthropoda","Arachnida","Araneae","Tetragnathidae","Tetragnatha","Tetragnatha viridis",8,"Tetragnatha viridis"
"TLA04",20220610,"3","Eukaryota","Arthropoda","Hexanauplia","Cyclopoida","Cyclopidae",,,41,"Cyclopidae"
"TLA04",20220610,"3","Eukaryota","Arthropoda","Insecta","Coleoptera","Elmidae","Dubiraphia",,57,"Dubiraphia"
"TLA04",20220610,"3","Eukaryota","Arthropoda","Insecta","Coleoptera","Elmidae","Stenelmis",,102,"Stenelmis"
"TLA04",20220610,"3","Eukaryota","Arthropoda","Insecta","Diptera","Ceratopogonidae","Palpomyia",,17,"Palpomyia"
"TLA04",20220610,"3","Eukaryota","Arthropoda","Insecta","Diptera","Ceratopogonidae",,,251,"Ceratopogonidae"
"TLA04",20220610,"3","Eukaryota","Arthropoda","Insecta","Diptera","Chironomidae","Limnophyes","Limnophyes sp. BOLD-2016",19,"Limnophyes sp. BOLD-2016"
"TLA04",20220610,"3","Eukaryota","Arthropoda","Insecta","Diptera","Chironomidae","Stempellinella","Stempellinella boltoni",109,"Stempellinella boltoni"
"TLA04",20220610,"3","Eukaryota","Arthropoda","Insecta","Ephemeroptera","Baetidae","Procloeon",,12,"Procloeon"
"TLA04",20220610,"3","Eukaryota","Arthropoda","Insecta","Ephemeroptera","Leptophlebiidae","Habrophlebia","Habrophlebia vibrans",112,"Habrophlebia vibrans"
"TLA04",20220610,"3","Eukaryota","Arthropoda","Insecta","Trichoptera","Calamoceratidae","Heteroplectron","Heteroplectron americanum",25,"Heteroplectron americanum"
"TLA04",20220610,"3","Eukaryota","Arthropoda","Insecta","Trichoptera","Hydropsychidae","Diplectrona","Diplectrona metaqui",1049,"Diplectrona metaqui"
"TLA04",20220610,"3","Eukaryota","Arthropoda","Insecta","Trichoptera","Hydropsychidae","Diplectrona","Diplectrona modesta",8028,"Diplectrona modesta"
"TLA04",20220610,"3","Eukaryota","Arthropoda","Insecta","Trichoptera","Lepidostomatidae","Lepidostoma","Lepidostoma griseum",20,"Lepidostoma griseum"
"TLA04",20220610,"3","Eukaryota","Arthropoda","Insecta","Trichoptera","Lepidostomatidae","Lepidostoma","Lepidostoma latipenne",16,"Lepidostoma latipenne"
"TLB01",20220609,"3","Eukaryota","Arthropoda","Arachnida","Sarcoptiformes","Chamobatidae","Chamobates",,33,"Chamobates"
"TLB01",20220609,"3","Eukaryota","Arthropoda","Hexanauplia","Cyclopoida","Cyclopidae",,,72,"Cyclopidae"
"TLB01",20220609,"3","Eukaryota","Arthropoda","Insecta","Diptera","Ceratopogonidae",,,115,"Ceratopogonidae"
"TLB01",20220609,"3","Eukaryota","Arthropoda","Insecta","Diptera","Chironomidae","Chironomus","Chironomus harpi",318,"Chironomus harpi"
"TLB01",20220609,"3","Eukaryota","Arthropoda","Insecta","Diptera","Chironomidae","Polypedilum","Polypedilum sp. TTMDJ065-10",47,"Polypedilum sp. TTMDJ065-10"
"TLB01",20220609,"3","Eukaryota","Arthropoda","Insecta","Diptera","Chironomidae","Procladius",,1032,"Procladius"
"TLB01",20220609,"3","Eukaryota","Arthropoda","Insecta","Diptera","Chironomidae","Tanytarsus","Tanytarsus sp. BOLD-2016",13,"Tanytarsus sp. BOLD-2016"
"TLB01",20220609,"3","Eukaryota","Arthropoda","Insecta","Diptera","Chironomidae","Thienemanniella","Thienemanniella xena",9,"Thienemanniella xena"
"TLB01",20220609,"3","Eukaryota","Arthropoda","Insecta","Diptera","Limoniidae","Erioptera",,152,"Erioptera"
"TLB01",20220609,"3","Eukaryota","Arthropoda","Insecta","Diptera","Ptychopteridae","Bittacomorpha","Bittacomorpha clavipes",40,"Bittacomorpha clavipes"
"TLB01",20220609,"3","Eukaryota","Arthropoda","Insecta","Diptera","Tabanidae","Chrysops","Chrysops cincticornis",285,"Chrysops cincticornis"
"TLB01",20220609,"3","Eukaryota","Arthropoda","Insecta","Megaloptera","Corydalidae","Chauliodes",,321,"Chauliodes"
"TLB02",20220609,"3","Eukaryota","Annelida","Clitellata","Haplotaxida","Naididae","Nais",,24,"Nais"
"TLB02",20220609,"3","Eukaryota","Arthropoda","Insecta","Diptera","Ceratopogonidae","Palpomyia",,27,"Palpomyia"
"TLB02",20220609,"3","Eukaryota","Arthropoda","Insecta","Diptera","Chironomidae","Conchapelopia","Conchapelopia sp. BOLD-2016",159,"Conchapelopia sp. BOLD-2016"
"TLB02",20220609,"3","Eukaryota","Arthropoda","Insecta","Diptera","Chironomidae","Parametriocnemus",,11,"Parametriocnemus"
"TLB02",20220609,"3","Eukaryota","Arthropoda","Insecta","Diptera","Chironomidae","Rheotanytarsus","Rheotanytarsus sp. BOLD-2016",13,"Rheotanytarsus sp. BOLD-2016"
"TLB02",20220609,"3","Eukaryota","Arthropoda","Insecta","Diptera","Pediciidae","Dicranota","Dicranota sp. BOLD:ABW5265",77,"Dicranota sp. BOLD:ABW5265"
"TLB02",20220609,"3","Eukaryota","Arthropoda","Insecta","Megaloptera","Corydalidae","Nigronia","Nigronia fasciatus",2508,"Nigronia fasciatus"
"TLB02",20220609,"3","Eukaryota","Arthropoda","Insecta","Trichoptera","Molannidae","Molanna","Molanna blenda",424,"Molanna blenda"
"TLB02",20220609,"3","Eukaryota","Arthropoda","Malacostraca","Decapoda","Cambaridae","Cambarus",,290,"Cambarus"
"TLC01",20220609,"3","Eukaryota","Arthropoda","Insecta","Coleoptera","Elmidae","Optioservus",,556,"Optioservus"
"TLC01",20220609,"3","Eukaryota","Arthropoda","Insecta","Coleoptera","Elmidae","Oulimnius","Oulimnius latiusculus",11,"Oulimnius latiusculus"
"TLC01",20220609,"3","Eukaryota","Arthropoda","Insecta","Coleoptera","Elmidae","Stenelmis","Stenelmis sp. BOLD:AAC4909",338,"Stenelmis sp. BOLD:AAC4909"
"TLC01",20220609,"3","Eukaryota","Arthropoda","Insecta","Diptera","Ceratopogonidae","Palpomyia",,12,"Palpomyia"
"TLC01",20220609,"3","Eukaryota","Arthropoda","Insecta","Diptera","Ceratopogonidae",,,9,"Ceratopogonidae"
"TLC01",20220609,"3","Eukaryota","Arthropoda","Insecta","Diptera","Chironomidae","Cryptochironomus",,51,"Cryptochironomus"
"TLC01",20220609,"3","Eukaryota","Arthropoda","Insecta","Diptera","Chironomidae","Parakiefferiella","Parakiefferiella sp. BOLD:AAI2682",30,"Parakiefferiella sp. BOLD:AAI2682"
"TLC01",20220609,"3","Eukaryota","Arthropoda","Insecta","Diptera","Chironomidae","Paraphaenocladius","Paraphaenocladius sp. BOLD-2016",35,"Paraphaenocladius sp. BOLD-2016"
"TLC01",20220609,"3","Eukaryota","Arthropoda","Insecta","Diptera","Chironomidae","Tanytarsus",,8,"Tanytarsus"
"TLC01",20220609,"3","Eukaryota","Arthropoda","Insecta","Diptera","Limoniidae","Antocha","Antocha sp. BOLD:AAI4397",24,"Antocha sp. BOLD:AAI4397"
"TLC01",20220609,"3","Eukaryota","Arthropoda","Insecta","Diptera","Simuliidae","Simulium","Simulium sp. BOLD:AAA9710",221,"Simulium sp. BOLD:AAA9710"
"TLC01",20220609,"3","Eukaryota","Arthropoda","Insecta","Megaloptera","Corydalidae","Nigronia","Nigronia fasciatus",43,"Nigronia fasciatus"
"TLC01",20220609,"3","Eukaryota","Arthropoda","Insecta","Odonata","Cordulegastridae","Kalyptogaster","Kalyptogaster erronea",137,"Kalyptogaster erronea"
"TLC01",20220609,"3","Eukaryota","Arthropoda","Insecta","Plecoptera","Leuctridae","Leuctra","Leuctra sp. AMI 1",60,"Leuctra sp. AMI 1"
"TLC01",20220609,"3","Eukaryota","Arthropoda","Insecta","Plecoptera","Perlidae","Eccoptura",,63,"Eccoptura"
"TLC01",20220609,"3","Eukaryota","Arthropoda","Insecta","Plecoptera","Perlidae","Perlesta","Perlesta nelsoni",1065,"Perlesta nelsoni"
"TLC01",20220609,"3","Eukaryota","Arthropoda","Insecta","Trichoptera","Hydropsychidae","Diplectrona","Diplectrona modesta",876,"Diplectrona modesta"
"TLC01",20220609,"3","Eukaryota","Arthropoda","Insecta","Trichoptera","Hydropsychidae","Hydropsyche","Hydropsyche betteni",41,"Hydropsyche betteni"
"TLC01",20220609,"3","Eukaryota","Arthropoda","Insecta","Trichoptera","Limnephilidae","Pycnopsyche","Pycnopsyche antica",127,"Pycnopsyche antica"
"TLC01",20220609,"3","Eukaryota","Arthropoda","Malacostraca","Decapoda","Cambaridae","Lacunicambarus","Lacunicambarus acanthura",17,"Lacunicambarus acanthura"
"TLC02",20220609,"3","Eukaryota","Arthropoda","Arachnida","Sarcoptiformes","Galumnidae",,,68,"Galumnidae"
"TLC02",20220609,"3","Eukaryota","Arthropoda","Hexanauplia","Cyclopoida","Cyclopidae",,,52,"Cyclopidae"
"TLC02",20220609,"3","Eukaryota","Arthropoda","Insecta","Diptera","Ceratopogonidae","Palpomyia",,38,"Palpomyia"
"TLC02",20220609,"3","Eukaryota","Arthropoda","Insecta","Diptera","Chironomidae","Conchapelopia","Conchapelopia sp. BOLD-2016",12,"Conchapelopia sp. BOLD-2016"
"TLC02",20220609,"3","Eukaryota","Arthropoda","Insecta","Diptera","Chironomidae","Limnophyes","Limnophyes sp. BOLD-2016",15,"Limnophyes sp. BOLD-2016"
"TLC02",20220609,"3","Eukaryota","Arthropoda","Insecta","Diptera","Chironomidae","Micropsectra",,27,"Micropsectra"
"TLC02",20220609,"3","Eukaryota","Arthropoda","Insecta","Diptera","Chironomidae","Stempellinella","Stempellinella fimbriata",22,"Stempellinella fimbriata"
"TLC02",20220609,"3","Eukaryota","Arthropoda","Insecta","Diptera","Chironomidae","Tanytarsus","Tanytarsus sp. BOLD-2016",60,"Tanytarsus sp. BOLD-2016"
"TLC02",20220609,"3","Eukaryota","Arthropoda","Insecta","Diptera","Chironomidae","Xylotopus","Xylotopus sp. BOLD-2016",12,"Xylotopus sp. BOLD-2016"
"TLC02",20220609,"3","Eukaryota","Arthropoda","Insecta","Diptera","Culicidae","Culex","Culex territans",65,"Culex territans"
"TLC02",20220609,"3","Eukaryota","Arthropoda","Insecta","Ephemeroptera","Leptophlebiidae","Habrophlebiodes","Habrophlebiodes americana",8,"Habrophlebiodes americana"
"TLC02",20220609,"3","Eukaryota","Arthropoda","Insecta","Hemiptera","Corixidae",,,195,"Corixidae"
"TLC02",20220609,"3","Eukaryota","Arthropoda","Insecta","Plecoptera","Peltoperlidae","Tallaperla",,30,"Tallaperla"
"TLC02",20220609,"3","Eukaryota","Arthropoda","Insecta","Trichoptera","Lepidostomatidae","Lepidostoma","Lepidostoma latipenne",89,"Lepidostoma latipenne"
"TLC02",20220609,"3","Eukaryota","Arthropoda","Insecta","Trichoptera","Odontoceridae","Psilotreta","Psilotreta rufa",8,"Psilotreta rufa"
"TLC02",20220609,"3","Eukaryota","Arthropoda","Malacostraca","Decapoda","Cambaridae","Lacunicambarus","Lacunicambarus acanthura",103,"Lacunicambarus acanthura"
"TLC03",20220609,"3","Eukaryota","Annelida","Clitellata","Haplotaxida","Naididae","Nais","Nais communis/variabilis complex sp. A4",50,"Nais communis/variabilis complex sp. A4"
"TLC03",20220609,"3","Eukaryota","Arthropoda","Collembola",,,,,10,"Collembola"
"TLC03",20220609,"3","Eukaryota","Arthropoda","Insecta","Coleoptera","Elmidae",,,179,"Elmidae"
"TLC03",20220609,"3","Eukaryota","Arthropoda","Insecta","Diptera","Ceratopogonidae","Culicoides","Culicoides sp. BOLD:ACJ9032",10,"Culicoides sp. BOLD:ACJ9032"
"TLC03",20220609,"3","Eukaryota","Arthropoda","Insecta","Diptera","Chironomidae","Conchapelopia","Conchapelopia sp. BOLD-2016",24,"Conchapelopia sp. BOLD-2016"
"TLC03",20220609,"3","Eukaryota","Arthropoda","Insecta","Diptera","Chironomidae","Limnophyes","Limnophyes sp. BOLD-2016",33,"Limnophyes sp. BOLD-2016"
"TLC03",20220609,"3","Eukaryota","Arthropoda","Insecta","Diptera","Chironomidae","Tanytarsus","Tanytarsus sp. BOLD-2016",21,"Tanytarsus sp. BOLD-2016"
"TLC03",20220609,"3","Eukaryota","Arthropoda","Insecta","Diptera","Limoniidae",,,78,"Limoniidae"
"TLC03",20220609,"3","Eukaryota","Arthropoda","Insecta","Diptera","Simuliidae","Simulium",,27,"Simulium"
"TLC03",20220609,"3","Eukaryota","Arthropoda","Insecta","Hemiptera","Corixidae",,,69,"Corixidae"
"TLC03",20220609,"3","Eukaryota","Arthropoda","Insecta","Megaloptera","Corydalidae","Nigronia","Nigronia fasciatus",158,"Nigronia fasciatus"
"TLC03",20220609,"3","Eukaryota","Arthropoda","Insecta","Odonata","Cordulegastridae","Kalyptogaster","Kalyptogaster erronea",74,"Kalyptogaster erronea"
"TLC03",20220609,"3","Eukaryota","Arthropoda","Insecta","Trichoptera","Hydropsychidae","Diplectrona","Diplectrona metaqui",103,"Diplectrona metaqui"
"TLCG1",20220609,"3","Eukaryota","Annelida","Clitellata","Lumbriculida","Sparganophilidae","Sparganophilus","Sparganophilus sp. HI-2019",460,"Sparganophilus sp. HI-2019"
"TLCG1",20220609,"3","Eukaryota","Annelida","Clitellata","Lumbriculida","Sparganophilidae","Sparganophilus","Sparganophilus sp. MAC_SRS_S02",26,"Sparganophilus sp. MAC_SRS_S02"
"TLCG1",20220609,"3","Eukaryota","Arthropoda","Insecta","Coleoptera","Elmidae","Oulimnius",,18,"Oulimnius"
"TLCG1",20220609,"3","Eukaryota","Arthropoda","Insecta","Coleoptera","Elmidae","Stenelmis","Stenelmis sp. BOLD:AAC4909",69,"Stenelmis sp. BOLD:AAC4909"
"TLCG1",20220609,"3","Eukaryota","Arthropoda","Insecta","Diptera","Chironomidae","Cryptochironomus",,8,"Cryptochironomus"
"TLCG1",20220609,"3","Eukaryota","Arthropoda","Insecta","Diptera","Chironomidae","Paraphaenocladius","Paraphaenocladius sp. BOLD-2016",12,"Paraphaenocladius sp. BOLD-2016"
"TLCG1",20220609,"3","Eukaryota","Arthropoda","Insecta","Diptera","Dixidae",,,12,"Dixidae"
"TLCG1",20220609,"3","Eukaryota","Arthropoda","Insecta","Diptera","Empididae","Roederiodes","Roederiodes sp. BOLD:ABA0444",59,"Roederiodes sp. BOLD:ABA0444"
"TLCG1",20220609,"3","Eukaryota","Arthropoda","Insecta","Diptera","Simuliidae","Simulium",,552,"Simulium"
"TLCG1",20220609,"3","Eukaryota","Arthropoda","Insecta","Ephemeroptera","Ephemerellidae","Ephemerella",,11,"Ephemerella"
"TLCG1",20220609,"3","Eukaryota","Arthropoda","Insecta","Ephemeroptera","Ephemeridae","Hexagenia",,8,"Hexagenia"
"TLCG1",20220609,"3","Eukaryota","Arthropoda","Insecta","Odonata","Calopterygidae","Calopteryx",,199,"Calopteryx"
"TLCG1",20220609,"3","Eukaryota","Arthropoda","Insecta","Plecoptera","Leuctridae",,,15,"Leuctridae"
"TLCG1",20220609,"3","Eukaryota","Arthropoda","Insecta","Plecoptera","Peltoperlidae","Tallaperla",,1200,"Tallaperla"
"TLCG1",20220609,"3","Eukaryota","Arthropoda","Insecta","Plecoptera","Perlidae","Eccoptura","Eccoptura xanthenes",27,"Eccoptura xanthenes"
"TLCG1",20220609,"3","Eukaryota","Arthropoda","Insecta","Trichoptera","Hydropsychidae","Diplectrona","Diplectrona modesta",2566,"Diplectrona modesta"
"TLCG1",20220609,"3","Eukaryota","Arthropoda","Insecta","Trichoptera","Lepidostomatidae","Lepidostoma","Lepidostoma latipenne",39,"Lepidostoma latipenne"
"TLM01",20220609,"1_3","Eukaryota","Annelida","Clitellata","Haplotaxida","Naididae","Nais","Nais communis/variabilis complex sp. A4",16,"Nais communis/variabilis complex sp. A4"
"TLM01",20220609,"1_3","Eukaryota","Arthropoda","Arachnida","Trombidiformes",,,,35,"Trombidiformes"
"TLM01",20220609,"1_3","Eukaryota","Arthropoda","Insecta","Coleoptera","Elmidae","Dubiraphia",,332,"Dubiraphia"
"TLM01",20220609,"1_3","Eukaryota","Arthropoda","Insecta","Coleoptera","Elmidae","Optioservus",,267,"Optioservus"
"TLM01",20220609,"1_3","Eukaryota","Arthropoda","Insecta","Coleoptera","Elmidae","Oulimnius","Oulimnius latiusculus",13,"Oulimnius latiusculus"
"TLM01",20220609,"1_3","Eukaryota","Arthropoda","Insecta","Coleoptera","Elmidae","Stenelmis","Stenelmis sp. BOLD:AAC4909",176,"Stenelmis sp. BOLD:AAC4909"
"TLM01",20220609,"1_3","Eukaryota","Arthropoda","Insecta","Diptera","Chironomidae","Cryptochironomus",,174,"Cryptochironomus"
"TLM01",20220609,"1_3","Eukaryota","Arthropoda","Insecta","Diptera","Chironomidae","Rheotanytarsus","Rheotanytarsus sp. BOLD-2016",48,"Rheotanytarsus sp. BOLD-2016"
"TLM01",20220609,"1_3","Eukaryota","Arthropoda","Insecta","Diptera","Chironomidae","Tanytarsus",,39,"Tanytarsus"
"TLM01",20220609,"1_3","Eukaryota","Arthropoda","Insecta","Diptera","Chironomidae","Thienemannimyia",,68,"Thienemannimyia"
"TLM01",20220609,"1_3","Eukaryota","Arthropoda","Insecta","Diptera","Empididae","Roederiodes","Roederiodes sp. BOLD:ABA0444",14,"Roederiodes sp. BOLD:ABA0444"
"TLM01",20220609,"1_3","Eukaryota","Arthropoda","Insecta","Ephemeroptera","Ephemerellidae","Ephemerella",,31,"Ephemerella"
"TLM01",20220609,"1_3","Eukaryota","Arthropoda","Insecta","Ephemeroptera",,,,55,"Ephemeroptera"
"TLM01",20220609,"1_3","Eukaryota","Arthropoda","Insecta","Megaloptera","Corydalidae","Nigronia","Nigronia fasciatus",15,"Nigronia fasciatus"
"TLM01",20220609,"1_3","Eukaryota","Arthropoda","Insecta","Plecoptera","Leuctridae","Leuctra","Leuctra sp. AMI 1",596,"Leuctra sp. AMI 1"
"TLM01",20220609,"1_3","Eukaryota","Arthropoda","Insecta","Plecoptera","Leuctridae","Leuctra","Leuctra sp. BOLD:AAC1685",73,"Leuctra sp. BOLD:AAC1685"
"TLM01",20220609,"1_3","Eukaryota","Arthropoda","Insecta","Plecoptera","Leuctridae","Leuctra","Leuctra tenuis",8,"Leuctra tenuis"
"TLM01",20220609,"1_3","Eukaryota","Arthropoda","Insecta","Plecoptera","Perlidae","Eccoptura",,80,"Eccoptura"
"TLM01",20220609,"1_3","Eukaryota","Arthropoda","Insecta","Plecoptera","Perlidae","Perlesta","Perlesta nelsoni",274,"Perlesta nelsoni"
"TLM01",20220609,"1_3","Eukaryota","Arthropoda","Insecta","Trichoptera","Hydropsychidae","Cheumatopsyche",,60,"Cheumatopsyche"
"TLM01",20220609,"1_3","Eukaryota","Arthropoda","Insecta","Trichoptera","Hydropsychidae","Diplectrona","Diplectrona modesta",10,"Diplectrona modesta"
"TLM03",20220609,"3","Eukaryota","Arthropoda","Insecta","Coleoptera","Elmidae","Optioservus",,270,"Optioservus"
"TLM03",20220609,"3","Eukaryota","Arthropoda","Insecta","Coleoptera","Elmidae","Stenelmis","Stenelmis sp. BOLD:AAC4909",14,"Stenelmis sp. BOLD:AAC4909"
"TLM03",20220609,"3","Eukaryota","Arthropoda","Insecta","Diptera","Chironomidae","Cryptochironomus",,73,"Cryptochironomus"
"TLM03",20220609,"3","Eukaryota","Arthropoda","Insecta","Diptera","Chironomidae","Psectrocladius","Psectrocladius sp. BOLD-2016",30,"Psectrocladius sp. BOLD-2016"
"TLM03",20220609,"3","Eukaryota","Arthropoda","Insecta","Diptera","Chironomidae","Rheotanytarsus",,15,"Rheotanytarsus"
"TLM03",20220609,"3","Eukaryota","Arthropoda","Insecta","Diptera","Chironomidae","Stempellinella","Stempellinella sp. BOLD:AAH0041",40,"Stempellinella sp. BOLD:AAH0041"
"TLM03",20220609,"3","Eukaryota","Arthropoda","Insecta","Diptera","Chironomidae","Tanytarsus","Tanytarsus sp. 1 BWS-2011",27,"Tanytarsus sp. 1 BWS-2011"
"TLM03",20220609,"3","Eukaryota","Arthropoda","Insecta","Diptera","Chironomidae","Thienemanniella",,16,"Thienemanniella"
"TLM03",20220609,"3","Eukaryota","Arthropoda","Insecta","Diptera","Simuliidae","Simulium",,35,"Simulium"
"TLM03",20220609,"3","Eukaryota","Arthropoda","Insecta","Ephemeroptera","Heptageniidae","Leucrocuta",,75,"Leucrocuta"
"TLM03",20220609,"3","Eukaryota","Arthropoda","Insecta","Ephemeroptera",,,,18,"Ephemeroptera"
"TLM03",20220609,"3","Eukaryota","Arthropoda","Insecta","Megaloptera","Corydalidae","Nigronia","Nigronia serricornis",121,"Nigronia serricornis"
"TLM03",20220609,"3","Eukaryota","Arthropoda","Insecta","Odonata","Gomphidae","Gomphus","Gomphus graslinellus",39,"Gomphus graslinellus"
"TLM03",20220609,"3","Eukaryota","Arthropoda","Insecta","Plecoptera","Leuctridae","Leuctra",,23,"Leuctra"
"TLM03",20220609,"3","Eukaryota","Arthropoda","Insecta","Plecoptera","Leuctridae",,,60,"Leuctridae"
"TLM03",20220609,"3","Eukaryota","Arthropoda","Insecta","Plecoptera","Perlidae","Eccoptura",,153,"Eccoptura"
"TLM03",20220609,"3","Eukaryota","Arthropoda","Insecta","Plecoptera","Perlidae","Perlesta","Perlesta nelsoni",1574,"Perlesta nelsoni"
"TLM03",20220609,"3","Eukaryota","Arthropoda","Insecta","Trichoptera","Hydropsychidae","Cheumatopsyche","Cheumatopsyche enigma",12,"Cheumatopsyche enigma"
"TLM03",20220609,"3","Eukaryota","Arthropoda","Insecta","Trichoptera","Hydropsychidae","Diplectrona","Diplectrona modesta",82,"Diplectrona modesta"
"TLM03",20220609,"3","Eukaryota","Arthropoda","Insecta","Trichoptera","Leptoceridae","Triaenodes","Triaenodes ignitus",322,"Triaenodes ignitus"
"TLM03",20220609,"3","Eukaryota","Arthropoda","Insecta","Trichoptera","Leptoceridae","Triaenodes","Triaenodes ochraceus",491,"Triaenodes ochraceus"
"TLM03",20220609,"3","Eukaryota","Arthropoda","Insecta","Trichoptera","Molannidae","Molanna","Molanna tryphena",29,"Molanna tryphena"
"TLM04",20220609,"3","Eukaryota","Arthropoda","Insecta","Coleoptera","Elmidae","Macronychus","Macronychus sp. BOLD:AAE7495",263,"Macronychus sp. BOLD:AAE7495"
"TLM04",20220609,"3","Eukaryota","Arthropoda","Insecta","Coleoptera","Elmidae","Optioservus","Optioservus sp. BOLD:AAA9073",93,"Optioservus sp. BOLD:AAA9073"
"TLM04",20220609,"3","Eukaryota","Arthropoda","Insecta","Coleoptera","Elmidae","Oulimnius",,30,"Oulimnius"
"TLM04",20220609,"3","Eukaryota","Arthropoda","Insecta","Coleoptera","Elmidae","Stenelmis","Stenelmis sp. BOLD:AAC4909",17,"Stenelmis sp. BOLD:AAC4909"
"TLM04",20220609,"3","Eukaryota","Arthropoda","Insecta","Diptera","Chironomidae","Cricotopus",,37,"Cricotopus"
"TLM04",20220609,"3","Eukaryota","Arthropoda","Insecta","Diptera","Chironomidae","Cryptochironomus",,17,"Cryptochironomus"
"TLM04",20220609,"3","Eukaryota","Arthropoda","Insecta","Diptera","Chironomidae","Parametriocnemus",,125,"Parametriocnemus"
"TLM04",20220609,"3","Eukaryota","Arthropoda","Insecta","Diptera","Chironomidae","Polypedilum","Polypedilum sp. BOLD:AAB5362",27,"Polypedilum sp. BOLD:AAB5362"
"TLM04",20220609,"3","Eukaryota","Arthropoda","Insecta","Diptera","Chironomidae","Rheotanytarsus","Rheotanytarsus sp. BOLD-2016",32,"Rheotanytarsus sp. BOLD-2016"
"TLM04",20220609,"3","Eukaryota","Arthropoda","Insecta","Diptera","Chironomidae","Tanytarsus","Tanytarsus sp. BOLD-2016",9,"Tanytarsus sp. BOLD-2016"
"TLM04",20220609,"3","Eukaryota","Arthropoda","Insecta","Diptera","Empididae","Hemerodromia","Hemerodromia sp. BOLD:AAF9754",45,"Hemerodromia sp. BOLD:AAF9754"
"TLM04",20220609,"3","Eukaryota","Arthropoda","Insecta","Diptera","Empididae","Roederiodes","Roederiodes sp. BOLD:ABA0444",29,"Roederiodes sp. BOLD:ABA0444"
"TLM04",20220609,"3","Eukaryota","Arthropoda","Insecta","Diptera","Simuliidae","Simulium",,1076,"Simulium"
"TLM04",20220609,"3","Eukaryota","Arthropoda","Insecta","Plecoptera","Peltoperlidae","Tallaperla",,508,"Tallaperla"
"TLM04",20220609,"3","Eukaryota","Arthropoda","Insecta","Plecoptera","Perlidae","Eccoptura",,12,"Eccoptura"
"TLM04",20220609,"3","Eukaryota","Arthropoda","Insecta","Trichoptera","Hydropsychidae","Cheumatopsyche",,220,"Cheumatopsyche"
"TLM04",20220609,"3","Eukaryota","Arthropoda","Insecta","Trichoptera","Hydropsychidae","Diplectrona","Diplectrona modesta",34,"Diplectrona modesta"
"TLM04",20220609,"3","Eukaryota","Arthropoda","Insecta","Trichoptera","Hydropsychidae","Hydropsyche","Hydropsyche betteni",114,"Hydropsyche betteni"
"TLM04",20220609,"3","Eukaryota","Arthropoda","Insecta","Trichoptera","Hydropsychidae","Hydropsyche","Hydropsyche sp. BOLD:AAA1669",63,"Hydropsyche sp. BOLD:AAA1669"
"TLM04",20220609,"3","Eukaryota","Arthropoda","Insecta","Trichoptera","Molannidae","Molanna","Molanna tryphena",77,"Molanna tryphena"
"TLM05",20220609,"3","Eukaryota","Annelida","Clitellata","Haplotaxida","Naididae","Aulodrilus","Aulodrilus pluriseta",11,"Aulodrilus pluriseta"
"TLM05",20220609,"3","Eukaryota","Arthropoda","Arachnida","Mesostigmata","Ascidae","Platyseius","Platyseius sp. n. 2 MRY-2019",17,"Platyseius sp. n. 2 MRY-2019"
"TLM05",20220609,"3","Eukaryota","Arthropoda","Hexanauplia","Cyclopoida","Cyclopidae","Macrocyclops",,10,"Macrocyclops"
"TLM05",20220609,"3","Eukaryota","Arthropoda","Insecta","Coleoptera","Elmidae","Dubiraphia",,12,"Dubiraphia"
"TLM05",20220609,"3","Eukaryota","Arthropoda","Insecta","Coleoptera","Elmidae","Macronychus","Macronychus sp. BOLD:AAE7495",9,"Macronychus sp. BOLD:AAE7495"
"TLM05",20220609,"3","Eukaryota","Arthropoda","Insecta","Coleoptera","Elmidae","Oulimnius","Oulimnius latiusculus",16,"Oulimnius latiusculus"
"TLM05",20220609,"3","Eukaryota","Arthropoda","Insecta","Coleoptera","Elmidae","Stenelmis","Stenelmis sp. BOLD:AAC4909",22,"Stenelmis sp. BOLD:AAC4909"
"TLM05",20220609,"3","Eukaryota","Arthropoda","Insecta","Diptera","Ceratopogonidae","Palpomyia",,8,"Palpomyia"
"TLM05",20220609,"3","Eukaryota","Arthropoda","Insecta","Diptera","Ceratopogonidae",,,167,"Ceratopogonidae"
"TLM05",20220609,"3","Eukaryota","Arthropoda","Insecta","Diptera","Chironomidae","Cryptochironomus",,40,"Cryptochironomus"
"TLM05",20220609,"3","Eukaryota","Arthropoda","Insecta","Diptera","Chironomidae","Parametriocnemus",,85,"Parametriocnemus"
"TLM05",20220609,"3","Eukaryota","Arthropoda","Insecta","Diptera","Chironomidae","Paraphaenocladius","Paraphaenocladius sp. BOLD-2016",8,"Paraphaenocladius sp. BOLD-2016"
"TLM05",20220609,"3","Eukaryota","Arthropoda","Insecta","Diptera","Chironomidae","Polypedilum",,32,"Polypedilum"
"TLM05",20220609,"3","Eukaryota","Arthropoda","Insecta","Diptera","Chironomidae","Rheotanytarsus","Rheotanytarsus sp. BOLD-2016",79,"Rheotanytarsus sp. BOLD-2016"
"TLM05",20220609,"3","Eukaryota","Arthropoda","Insecta","Diptera","Chironomidae","Tanytarsus",,30,"Tanytarsus"
"TLM05",20220609,"3","Eukaryota","Arthropoda","Insecta","Diptera","Simuliidae","Simulium","Simulium verecundum",50,"Simulium verecundum"
"TLM05",20220609,"3","Eukaryota","Arthropoda","Insecta","Ephemeroptera","Baetidae",,,434,"Baetidae"
"TLM05",20220609,"3","Eukaryota","Arthropoda","Insecta","Lepidoptera","Crambidae","Elophila","Elophila icciusalis",22,"Elophila icciusalis"
"TLM05",20220609,"3","Eukaryota","Arthropoda","Insecta","Megaloptera","Sialidae","Sialis",,11,"Sialis"
"TLM05",20220609,"3","Eukaryota","Arthropoda","Insecta","Odonata","Calopterygidae","Calopteryx","Calopteryx maculata",61,"Calopteryx maculata"
"TLM05",20220609,"3","Eukaryota","Arthropoda","Insecta","Odonata","Gomphidae","Gomphus","Gomphus lividus",10,"Gomphus lividus"
"TLM05",20220609,"3","Eukaryota","Arthropoda","Insecta","Plecoptera","Leuctridae",,,49,"Leuctridae"
"TLM05",20220609,"3","Eukaryota","Arthropoda","Insecta","Plecoptera","Peltoperlidae","Tallaperla","Tallaperla cornelia",181,"Tallaperla cornelia"
"TLM05",20220609,"3","Eukaryota","Arthropoda","Insecta","Plecoptera","Perlidae","Perlesta","Perlesta nelsoni",53,"Perlesta nelsoni"
"TLM05",20220609,"3","Eukaryota","Arthropoda","Insecta","Trichoptera","Hydropsychidae","Hydropsyche","Hydropsyche betteni",23,"Hydropsyche betteni"
"TLM05",20220609,"3","Eukaryota","Arthropoda","Insecta","Trichoptera","Leptoceridae","Triaenodes","Triaenodes ignitus",8,"Triaenodes ignitus"
"TLM05",20220609,"3","Eukaryota","Nemertea","Enopla","Monostilifera","Tetrastemmatidae","Prostoma","Prostoma cf. eilhardi EZ-2019",11,"Prostoma cf. eilhardi EZ-2019"
"TLM06",20220609,"3","Eukaryota","Arthropoda","Insecta","Coleoptera","Elmidae","Dubiraphia",,122,"Dubiraphia"
"TLM06",20220609,"3","Eukaryota","Arthropoda","Insecta","Coleoptera","Elmidae","Optioservus",,319,"Optioservus"
"TLM06",20220609,"3","Eukaryota","Arthropoda","Insecta","Coleoptera","Elmidae","Oulimnius",,8,"Oulimnius"
"TLM06",20220609,"3","Eukaryota","Arthropoda","Insecta","Coleoptera","Elmidae","Stenelmis","Stenelmis sp. BOLD:AAC4909",103,"Stenelmis sp. BOLD:AAC4909"
"TLM06",20220609,"3","Eukaryota","Arthropoda","Insecta","Diptera","Ceratopogonidae","Atrichopogon",,18,"Atrichopogon"
"TLM06",20220609,"3","Eukaryota","Arthropoda","Insecta","Diptera","Ceratopogonidae","Palpomyia",,23,"Palpomyia"
"TLM06",20220609,"3","Eukaryota","Arthropoda","Insecta","Diptera","Ceratopogonidae",,,29,"Ceratopogonidae"
"TLM06",20220609,"3","Eukaryota","Arthropoda","Insecta","Diptera","Chironomidae","Chironomus",,20,"Chironomus"
"TLM06",20220609,"3","Eukaryota","Arthropoda","Insecta","Diptera","Chironomidae","Conchapelopia","Conchapelopia sp. BOLD-2016",8,"Conchapelopia sp. BOLD-2016"
"TLM06",20220609,"3","Eukaryota","Arthropoda","Insecta","Diptera","Chironomidae","Limnophyes",,27,"Limnophyes"
"TLM06",20220609,"3","Eukaryota","Arthropoda","Insecta","Diptera","Chironomidae","Parametriocnemus",,24,"Parametriocnemus"
"TLM06",20220609,"3","Eukaryota","Arthropoda","Insecta","Diptera","Chironomidae","Tanytarsus",,11,"Tanytarsus"
"TLM06",20220609,"3","Eukaryota","Arthropoda","Insecta","Diptera","Chironomidae","Xylotopus","Xylotopus sp. BOLD-2016",9,"Xylotopus sp. BOLD-2016"
"TLM06",20220609,"3","Eukaryota","Arthropoda","Insecta","Diptera","Dolichopodidae",,,8,"Dolichopodidae"
"TLM06",20220609,"3","Eukaryota","Arthropoda","Insecta","Diptera","Empididae","Hemerodromia",,102,"Hemerodromia"
"TLM06",20220609,"3","Eukaryota","Arthropoda","Insecta","Diptera","Ptychopteridae","Bittacomorpha","Bittacomorpha clavipes",72,"Bittacomorpha clavipes"
"TLM06",20220609,"3","Eukaryota","Arthropoda","Insecta","Diptera","Simuliidae","Simulium",,307,"Simulium"
"TLM06",20220609,"3","Eukaryota","Arthropoda","Insecta","Ephemeroptera",,,,41,"Ephemeroptera"
"TLM06",20220609,"3","Eukaryota","Arthropoda","Insecta","Megaloptera","Corydalidae","Nigronia","Nigronia fasciatus",335,"Nigronia fasciatus"
"TLM06",20220609,"3","Eukaryota","Arthropoda","Insecta","Megaloptera","Corydalidae","Nigronia","Nigronia serricornis",144,"Nigronia serricornis"
"TLM06",20220609,"3","Eukaryota","Arthropoda","Insecta","Odonata","Aeshnidae","Boyeria",,43,"Boyeria"
"TLM06",20220609,"3","Eukaryota","Arthropoda","Insecta","Odonata","Cordulegastridae","Cordulegaster",,113,"Cordulegaster"
"TLM06",20220609,"3","Eukaryota","Arthropoda","Insecta","Odonata","Gomphidae","Gomphus","Gomphus graslinellus",42,"Gomphus graslinellus"
"TLM06",20220609,"3","Eukaryota","Arthropoda","Insecta","Plecoptera","Leuctridae",,,92,"Leuctridae"
"TLM06",20220609,"3","Eukaryota","Arthropoda","Insecta","Plecoptera","Peltoperlidae","Tallaperla",,1186,"Tallaperla"
"TLM06",20220609,"3","Eukaryota","Arthropoda","Insecta","Trichoptera","Calamoceratidae","Heteroplectron","Heteroplectron americanum",8,"Heteroplectron americanum"
"TLM06",20220609,"3","Eukaryota","Arthropoda","Insecta","Trichoptera","Dipseudopsidae","Phylocentropus","Phylocentropus carolinus",36,"Phylocentropus carolinus"
"TLM06",20220609,"3","Eukaryota","Arthropoda","Insecta","Trichoptera","Hydropsychidae","Diplectrona","Diplectrona modesta",67,"Diplectrona modesta"
"TLM08",20220609,"3","Eukaryota","Arthropoda","Insecta","Coleoptera","Elmidae","Dubiraphia",,638,"Dubiraphia"
"TLM08",20220609,"3","Eukaryota","Arthropoda","Insecta","Coleoptera","Elmidae","Optioservus",,106,"Optioservus"
"TLM08",20220609,"3","Eukaryota","Arthropoda","Insecta","Coleoptera","Elmidae","Stenelmis","Stenelmis sp. BOLD:AAC4909",43,"Stenelmis sp. BOLD:AAC4909"
"TLM08",20220609,"3","Eukaryota","Arthropoda","Insecta","Diptera","Ceratopogonidae","Palpomyia","Palpomyia sp. BOLD-2016",14,"Palpomyia sp. BOLD-2016"
"TLM08",20220609,"3","Eukaryota","Arthropoda","Insecta","Diptera","Chironomidae","Clinotanypus",,52,"Clinotanypus"
"TLM08",20220609,"3","Eukaryota","Arthropoda","Insecta","Diptera","Chironomidae","Corynoneura",,24,"Corynoneura"
"TLM08",20220609,"3","Eukaryota","Arthropoda","Insecta","Diptera","Chironomidae","Lauterborniella","Lauterborniella agrayloides",15,"Lauterborniella agrayloides"
"TLM08",20220609,"3","Eukaryota","Arthropoda","Insecta","Diptera","Chironomidae","Parakiefferiella","Parakiefferiella sp. BOLD:AAI2682",29,"Parakiefferiella sp. BOLD:AAI2682"
"TLM08",20220609,"3","Eukaryota","Arthropoda","Insecta","Diptera","Chironomidae","Paraphaenocladius","Paraphaenocladius sp. BOLD-2016",31,"Paraphaenocladius sp. BOLD-2016"
"TLM08",20220609,"3","Eukaryota","Arthropoda","Insecta","Diptera","Chironomidae","Rheotanytarsus","Rheotanytarsus sp. BOLD-2016",22,"Rheotanytarsus sp. BOLD-2016"
"TLM08",20220609,"3","Eukaryota","Arthropoda","Insecta","Diptera","Chironomidae","Stempellinella","Stempellinella fimbriata",119,"Stempellinella fimbriata"
"TLM08",20220609,"3","Eukaryota","Arthropoda","Insecta","Diptera","Chironomidae","Tanytarsus",,19,"Tanytarsus"
"TLM08",20220609,"3","Eukaryota","Arthropoda","Insecta","Diptera","Chironomidae","Tribelos",,36,"Tribelos"
"TLM08",20220609,"3","Eukaryota","Arthropoda","Insecta","Diptera","Chironomidae","Xylotopus","Xylotopus sp. BOLD-2016",81,"Xylotopus sp. BOLD-2016"
"TLM08",20220609,"3","Eukaryota","Arthropoda","Insecta","Diptera","Psychodidae",,,18,"Psychodidae"
"TLM08",20220609,"3","Eukaryota","Arthropoda","Insecta","Diptera","Tabanidae","Hybomitra",,35,"Hybomitra"
"TLM08",20220609,"3","Eukaryota","Arthropoda","Insecta","Ephemeroptera","Ephemerellidae","Ephemerella",,116,"Ephemerella"
"TLM08",20220609,"3","Eukaryota","Arthropoda","Insecta","Ephemeroptera","Ephemerellidae","Eurylophella",,66,"Eurylophella"
"TLM08",20220609,"3","Eukaryota","Arthropoda","Insecta","Megaloptera","Corydalidae","Nigronia","Nigronia fasciatus",30,"Nigronia fasciatus"
"TLM08",20220609,"3","Eukaryota","Arthropoda","Insecta","Megaloptera","Corydalidae","Nigronia","Nigronia serricornis",8,"Nigronia serricornis"
"TLM08",20220609,"3","Eukaryota","Arthropoda","Insecta","Odonata","Gomphidae","Gomphus",,629,"Gomphus"
"TLM08",20220609,"3","Eukaryota","Arthropoda","Insecta","Plecoptera","Leuctridae",,,79,"Leuctridae"
"TLM08",20220609,"3","Eukaryota","Arthropoda","Insecta","Trichoptera","Calamoceratidae","Anisocentropus","Anisocentropus pyraloides",58,"Anisocentropus pyraloides"
"TLM08",20220609,"3","Eukaryota","Arthropoda","Insecta","Trichoptera","Dipseudopsidae","Phylocentropus","Phylocentropus carolinus",282,"Phylocentropus carolinus"
"TLM08",20220609,"3","Eukaryota","Arthropoda","Insecta","Trichoptera","Hydropsychidae","Diplectrona","Diplectrona modesta",261,"Diplectrona modesta"
"TLM08",20220609,"3","Eukaryota","Arthropoda","Insecta","Trichoptera","Lepidostomatidae","Lepidostoma","Lepidostoma latipenne",21,"Lepidostoma latipenne"
"TLM08",20220609,"3","Eukaryota","Arthropoda","Insecta","Trichoptera","Leptoceridae","Mystacides","Mystacides sepulchralis",19,"Mystacides sepulchralis"
"TLM08",20220609,"3","Eukaryota","Mollusca","Gastropoda","unk_order","Pleuroceridae","Elimia",,124,"Elimia"
"TLM08",20220609,"3","Eukaryota","Nemertea","Enopla","Monostilifera","Tetrastemmatidae","Prostoma","Prostoma cf. eilhardi EZ-2019",18,"Prostoma cf. eilhardi EZ-2019"
"TLM09",20220609,"3","Eukaryota","Arthropoda","Insecta","Coleoptera","Elmidae","Optioservus",,13,"Optioservus"
"TLM09",20220609,"3","Eukaryota","Arthropoda","Insecta","Coleoptera","Elmidae","Promoresia",,74,"Promoresia"
"TLM09",20220609,"3","Eukaryota","Arthropoda","Insecta","Coleoptera","Elmidae","Stenelmis","Stenelmis sp. BOLD:AAC4909",17,"Stenelmis sp. BOLD:AAC4909"
"TLM09",20220609,"3","Eukaryota","Arthropoda","Insecta","Diptera","Chironomidae","Cryptochironomus",,18,"Cryptochironomus"
"TLM09",20220609,"3","Eukaryota","Arthropoda","Insecta","Diptera","Chironomidae","Parametriocnemus",,14,"Parametriocnemus"
"TLM09",20220609,"3","Eukaryota","Arthropoda","Insecta","Diptera","Chironomidae","Polypedilum","Polypedilum sp. BOLD:AAB5362",11,"Polypedilum sp. BOLD:AAB5362"
"TLM09",20220609,"3","Eukaryota","Arthropoda","Insecta","Diptera","Chironomidae","Rheotanytarsus","Rheotanytarsus sp. BOLD-2016",31,"Rheotanytarsus sp. BOLD-2016"
"TLM09",20220609,"3","Eukaryota","Arthropoda","Insecta","Diptera","Chironomidae","Tanytarsus","Tanytarsus sp. 1 BWS-2011",25,"Tanytarsus sp. 1 BWS-2011"
"TLM09",20220609,"3","Eukaryota","Arthropoda","Insecta","Diptera","Chironomidae","Tanytarsus","Tanytarsus sp. BOLD:AAC0299",29,"Tanytarsus sp. BOLD:AAC0299"
"TLM09",20220609,"3","Eukaryota","Arthropoda","Insecta","Diptera","Simuliidae","Simulium",,20,"Simulium"
"TLM09",20220609,"3","Eukaryota","Arthropoda","Insecta","Diptera","Simuliidae",,,9,"Simuliidae"
"TLM09",20220609,"3","Eukaryota","Arthropoda","Insecta","Ephemeroptera","Baetidae","Acerpenna",,35,"Acerpenna"
"TLM09",20220609,"3","Eukaryota","Arthropoda","Insecta","Ephemeroptera","Heptageniidae","Leucrocuta",,9,"Leucrocuta"
"TLM09",20220609,"3","Eukaryota","Arthropoda","Insecta","Megaloptera","Corydalidae","Nigronia","Nigronia fasciatus",143,"Nigronia fasciatus"
"TLM09",20220609,"3","Eukaryota","Arthropoda","Insecta","Megaloptera","Corydalidae","Nigronia","Nigronia serricornis",198,"Nigronia serricornis"
"TLM09",20220609,"3","Eukaryota","Arthropoda","Insecta","Plecoptera","Leuctridae",,,198,"Leuctridae"
"TLM09",20220609,"3","Eukaryota","Arthropoda","Insecta","Plecoptera","Peltoperlidae","Tallaperla","Tallaperla cornelia",197,"Tallaperla cornelia"
"TLM09",20220609,"3","Eukaryota","Arthropoda","Insecta","Plecoptera","Perlidae","Eccoptura",,85,"Eccoptura"
"TLM09",20220609,"3","Eukaryota","Arthropoda","Insecta","Trichoptera","Hydropsychidae","Diplectrona","Diplectrona modesta",1735,"Diplectrona modesta"
"TLM09",20220609,"3","Eukaryota","Arthropoda","Insecta","Trichoptera","Lepidostomatidae","Lepidostoma","Lepidostoma latipenne",146,"Lepidostoma latipenne"
"TLM09",20220609,"3","Eukaryota","Arthropoda","Insecta","Trichoptera","Leptoceridae","Oecetis","Oecetis georgia",12,"Oecetis georgia"
"TLM09",20220609,"3","Eukaryota","Arthropoda","Malacostraca","Decapoda","Cambaridae","Cambarus",,77,"Cambarus"
"TLM09",20220609,"3","Eukaryota","Mollusca","Gastropoda","unk_order","Pleuroceridae","Elimia",,17,"Elimia"
"TLM10",20220609,"3","Eukaryota","Arthropoda","Insecta","Coleoptera","Elmidae","Optioservus",,98,"Optioservus"
"TLM10",20220609,"3","Eukaryota","Arthropoda","Insecta","Coleoptera","Elmidae","Oulimnius",,23,"Oulimnius"
"TLM10",20220609,"3","Eukaryota","Arthropoda","Insecta","Coleoptera","Elmidae","Stenelmis",,215,"Stenelmis"
"TLM10",20220609,"3","Eukaryota","Arthropoda","Insecta","Coleoptera","Elmidae",,,71,"Elmidae"
"TLM10",20220609,"3","Eukaryota","Arthropoda","Insecta","Coleoptera","Psephenidae","Psephenus","Psephenus herricki",12,"Psephenus herricki"
"TLM10",20220609,"3","Eukaryota","Arthropoda","Insecta","Coleoptera","Ptilodactylidae","Ptilodactyla","Ptilodactyla serricollis",242,"Ptilodactyla serricollis"
"TLM10",20220609,"3","Eukaryota","Arthropoda","Insecta","Diptera","Ceratopogonidae","Palpomyia",,14,"Palpomyia"
"TLM10",20220609,"3","Eukaryota","Arthropoda","Insecta","Diptera","Chironomidae","Cryptochironomus",,48,"Cryptochironomus"
"TLM10",20220609,"3","Eukaryota","Arthropoda","Insecta","Diptera","Chironomidae","Paraphaenocladius","Paraphaenocladius sp. BOLD-2016",16,"Paraphaenocladius sp. BOLD-2016"
"TLM10",20220609,"3","Eukaryota","Arthropoda","Insecta","Diptera","Chironomidae","Rheotanytarsus","Rheotanytarsus sp. BOLD-2016",10,"Rheotanytarsus sp. BOLD-2016"
"TLM10",20220609,"3","Eukaryota","Arthropoda","Insecta","Diptera","Chironomidae","Tanytarsus","Tanytarsus guerlus",34,"Tanytarsus guerlus"
"TLM10",20220609,"3","Eukaryota","Arthropoda","Insecta","Diptera","Chironomidae","Thienemanniella",,8,"Thienemanniella"
"TLM10",20220609,"3","Eukaryota","Arthropoda","Insecta","Hemiptera","Veliidae","Microvelia","Microvelia americana",16,"Microvelia americana"
"TLM10",20220609,"3","Eukaryota","Arthropoda","Insecta","Hemiptera","Veliidae","Rhagovelia",,212,"Rhagovelia"
"TLM10",20220609,"3","Eukaryota","Arthropoda","Insecta","Odonata","Gomphidae","Gomphus",,9,"Gomphus"
"TLM10",20220609,"3","Eukaryota","Arthropoda","Insecta","Odonata","Gomphidae","Stylogomphus",,212,"Stylogomphus"
"TLM10",20220609,"3","Eukaryota","Arthropoda","Insecta","Plecoptera","Leuctridae","Leuctra",,834,"Leuctra"
"TLM10",20220609,"3","Eukaryota","Arthropoda","Insecta","Plecoptera","Leuctridae",,,12,"Leuctridae"
"TLM10",20220609,"3","Eukaryota","Arthropoda","Insecta","Plecoptera","Perlodidae","Isoperla","Isoperla nr. holochlora BOLD:AAB1101",2976,"Isoperla nr. holochlora BOLD:AAB1101"
"TLM10",20220609,"3","Eukaryota","Arthropoda","Malacostraca","Decapoda","Cambaridae","Cambarus",,209,"Cambarus"
"TLM10",20220609,"3","Eukaryota","Mollusca","Gastropoda","unk_order","Pleuroceridae","Elimia",,152,"Elimia"
"TLM13",20220610,"3","Eukaryota","Annelida","Clitellata","Crassiclitellata","Megascolecidae","Amynthas","Amynthas corticis",20,"Amynthas corticis"
"TLM13",20220610,"3","Eukaryota","Arthropoda","Arachnida","Sarcoptiformes","Oripodidae",,,11,"Oripodidae"
"TLM13",20220610,"3","Eukaryota","Arthropoda","Arachnida","Trombidiformes",,,,13,"Trombidiformes"
"TLM13",20220610,"3","Eukaryota","Arthropoda","Insecta","Coleoptera","Elmidae","Oulimnius","Oulimnius latiusculus",10,"Oulimnius latiusculus"
"TLM13",20220610,"3","Eukaryota","Arthropoda","Insecta","Coleoptera","Psephenidae","Psephenus","Psephenus herricki",78,"Psephenus herricki"
"TLM13",20220610,"3","Eukaryota","Arthropoda","Insecta","Diptera","Ceratopogonidae",,,17,"Ceratopogonidae"
"TLM13",20220610,"3","Eukaryota","Arthropoda","Insecta","Diptera","Chironomidae","Polypedilum","Polypedilum aviceps",12,"Polypedilum aviceps"
"TLM13",20220610,"3","Eukaryota","Arthropoda","Insecta","Diptera","Chironomidae","Rheotanytarsus","Rheotanytarsus sp. BOLD-2016",17,"Rheotanytarsus sp. BOLD-2016"
"TLM13",20220610,"3","Eukaryota","Arthropoda","Insecta","Diptera","Chironomidae","Tanytarsus",,34,"Tanytarsus"
"TLM13",20220610,"3","Eukaryota","Arthropoda","Insecta","Diptera","Simuliidae","Simulium",,89,"Simulium"
"TLM13",20220610,"3","Eukaryota","Arthropoda","Insecta","Diptera","Tipulidae","Tipula","Tipula abdominalis",8,"Tipula abdominalis"
"TLM13",20220610,"3","Eukaryota","Arthropoda","Insecta","Ephemeroptera","Ephemerellidae","Eurylophella",,477,"Eurylophella"
"TLM13",20220610,"3","Eukaryota","Arthropoda","Insecta","Odonata","Gomphidae","Gomphus",,12,"Gomphus"
"TLM13",20220610,"3","Eukaryota","Arthropoda","Insecta","Plecoptera","Leuctridae","Leuctra","Leuctra sp. AMI 1",144,"Leuctra sp. AMI 1"
"TLM13",20220610,"3","Eukaryota","Arthropoda","Insecta","Plecoptera","Leuctridae","Paraleuctra",,19,"Paraleuctra"
"TLM13",20220610,"3","Eukaryota","Arthropoda","Insecta","Plecoptera","Peltoperlidae","Tallaperla",,427,"Tallaperla"
"TLM13",20220610,"3","Eukaryota","Arthropoda","Insecta","Trichoptera","Calamoceratidae","Anisocentropus","Anisocentropus pyraloides",12,"Anisocentropus pyraloides"
"TLM13",20220610,"3","Eukaryota","Arthropoda","Insecta","Trichoptera","Hydropsychidae","Diplectrona","Diplectrona modesta",280,"Diplectrona modesta"
"TLM13",20220610,"3","Eukaryota","Arthropoda","Insecta","Trichoptera","Hydropsychidae","Hydropsyche","Hydropsyche betteni",10,"Hydropsyche betteni"
"TLM13",20220610,"3","Eukaryota","Mollusca","Gastropoda","unk_order","Pleuroceridae","Elimia",,35,"Elimia"
"TLM14",20220610,"3","Eukaryota","Annelida","Clitellata","Crassiclitellata","Megascolecidae","Amynthas","Amynthas corticis",9,"Amynthas corticis"
"TLM14",20220610,"3","Eukaryota","Arthropoda","Insecta","Coleoptera","Elmidae","Optioservus",,33,"Optioservus"
"TLM14",20220610,"3","Eukaryota","Arthropoda","Insecta","Coleoptera","Elmidae","Stenelmis",,18,"Stenelmis"
"TLM14",20220610,"3","Eukaryota","Arthropoda","Insecta","Diptera","Chironomidae","Polypedilum",,33,"Polypedilum"
"TLM14",20220610,"3","Eukaryota","Arthropoda","Insecta","Diptera","Chironomidae","Rheotanytarsus",,13,"Rheotanytarsus"
"TLM14",20220610,"3","Eukaryota","Arthropoda","Insecta","Diptera","Chironomidae","Tanytarsus",,11,"Tanytarsus"
"TLM14",20220610,"3","Eukaryota","Arthropoda","Insecta","Diptera","Chironomidae",,,42,"Chironomidae"
"TLM14",20220610,"3","Eukaryota","Arthropoda","Insecta","Diptera","Simuliidae","Simulium","Simulium nr. Lakei JKM-2011",9,"Simulium nr. Lakei JKM-2011"
"TLM14",20220610,"3","Eukaryota","Arthropoda","Insecta","Megaloptera","Corydalidae","Nigronia","Nigronia fasciatus",23,"Nigronia fasciatus"
"TLM14",20220610,"3","Eukaryota","Arthropoda","Insecta","Plecoptera","Peltoperlidae","Tallaperla","Tallaperla cornelia",85,"Tallaperla cornelia"
"TLM14",20220610,"3","Eukaryota","Arthropoda","Insecta","Plecoptera","Perlodidae","Isoperla","Isoperla nr. holochlora BOLD:AAB1101",122,"Isoperla nr. holochlora BOLD:AAB1101"
"TLM14",20220610,"3","Eukaryota","Arthropoda","Insecta","Trichoptera","Hydropsychidae","Diplectrona","Diplectrona modesta",59,"Diplectrona modesta"
"TLM14",20220610,"3","Eukaryota","Mollusca","Gastropoda","unk_order","Pleuroceridae","Elimia",,25,"Elimia"
"TLM15",20220610,"3","Eukaryota","Arthropoda","Arachnida","Araneae","Tetragnathidae","Tetragnatha","Tetragnatha viridis",8,"Tetragnatha viridis"
"TLM15",20220610,"3","Eukaryota","Arthropoda","Arachnida","Sarcoptiformes","Oribatulidae","Lucoppia","Lucoppia sp. BOLD:ADE3167",20,"Lucoppia sp. BOLD:ADE3167"
"TLM15",20220610,"3","Eukaryota","Arthropoda","Collembola","Entomobryomorpha",,,,8,"Entomobryomorpha"
"TLM15",20220610,"3","Eukaryota","Arthropoda","Insecta","Coleoptera","Elmidae","Dubiraphia",,121,"Dubiraphia"
"TLM15",20220610,"3","Eukaryota","Arthropoda","Insecta","Coleoptera","Elmidae","Macronychus","Macronychus sp. BOLD:AAE7495",207,"Macronychus sp. BOLD:AAE7495"
"TLM15",20220610,"3","Eukaryota","Arthropoda","Insecta","Coleoptera","Elmidae","Oulimnius",,24,"Oulimnius"
"TLM15",20220610,"3","Eukaryota","Arthropoda","Insecta","Coleoptera","Elmidae","Stenelmis","Stenelmis sp. BOLD:AAC4909",33,"Stenelmis sp. BOLD:AAC4909"
"TLM15",20220610,"3","Eukaryota","Arthropoda","Insecta","Coleoptera","Psephenidae","Ectopria",,201,"Ectopria"
"TLM15",20220610,"3","Eukaryota","Arthropoda","Insecta","Diptera","Ceratopogonidae",,,13,"Ceratopogonidae"
"TLM15",20220610,"3","Eukaryota","Arthropoda","Insecta","Diptera","Chironomidae","Cricotopus",,8,"Cricotopus"
"TLM15",20220610,"3","Eukaryota","Arthropoda","Insecta","Diptera","Chironomidae","Rheotanytarsus",,12,"Rheotanytarsus"
"TLM15",20220610,"3","Eukaryota","Arthropoda","Insecta","Diptera","Chironomidae","Tanytarsus",,139,"Tanytarsus"
"TLM15",20220610,"3","Eukaryota","Arthropoda","Insecta","Diptera","Chironomidae",,,193,"Chironomidae"
"TLM15",20220610,"3","Eukaryota","Arthropoda","Insecta","Diptera","Ephydridae","Hydrellia","Hydrellia nobilis",100,"Hydrellia nobilis"
"TLM15",20220610,"3","Eukaryota","Arthropoda","Insecta","Diptera","Simuliidae","Simulium",,175,"Simulium"
"TLM15",20220610,"3","Eukaryota","Arthropoda","Insecta","Ephemeroptera","Leptophlebiidae","Habrophlebiodes","Habrophlebiodes americana",12,"Habrophlebiodes americana"
"TLM15",20220610,"3","Eukaryota","Arthropoda","Insecta","Megaloptera","Corydalidae","Nigronia","Nigronia fasciatus",55,"Nigronia fasciatus"
"TLM15",20220610,"3","Eukaryota","Arthropoda","Insecta","Odonata","Calopterygidae","Calopteryx",,16,"Calopteryx"
"TLM15",20220610,"3","Eukaryota","Arthropoda","Insecta","Plecoptera","Leuctridae","Leuctra","Leuctra sp. AMI 1",9,"Leuctra sp. AMI 1"
"TLM15",20220610,"3","Eukaryota","Arthropoda","Insecta","Plecoptera","Leuctridae","Paraleuctra",,28,"Paraleuctra"
"TLM15",20220610,"3","Eukaryota","Arthropoda","Insecta","Plecoptera","Peltoperlidae","Tallaperla","Tallaperla cornelia",63,"Tallaperla cornelia"
"TLM15",20220610,"3","Eukaryota","Arthropoda","Insecta","Plecoptera","Perlidae","Eccoptura","Eccoptura xanthenes",33,"Eccoptura xanthenes"
"TLM15",20220610,"3","Eukaryota","Arthropoda","Insecta","Plecoptera","Perlidae","Perlesta","Perlesta nelsoni",482,"Perlesta nelsoni"
"TLM15",20220610,"3","Eukaryota","Arthropoda","Insecta","Trichoptera","Hydropsychidae","Diplectrona","Diplectrona modesta",101,"Diplectrona modesta"
"TLM16",20220610,"3","Eukaryota","Arthropoda","Insecta","Coleoptera","Elmidae","Dubiraphia",,146,"Dubiraphia"
"TLM16",20220610,"3","Eukaryota","Arthropoda","Insecta","Coleoptera","Elmidae","Oulimnius",,8,"Oulimnius"
"TLM16",20220610,"3","Eukaryota","Arthropoda","Insecta","Coleoptera","Elmidae","Stenelmis",,70,"Stenelmis"
"TLM16",20220610,"3","Eukaryota","Arthropoda","Insecta","Coleoptera","Elmidae",,,115,"Elmidae"
"TLM16",20220610,"3","Eukaryota","Arthropoda","Insecta","Diptera","Chironomidae","Cricotopus","Cricotopus sp. BOLD-2016",9,"Cricotopus sp. BOLD-2016"
"TLM16",20220610,"3","Eukaryota","Arthropoda","Insecta","Diptera","Chironomidae","Parametriocnemus",,9,"Parametriocnemus"
"TLM16",20220610,"3","Eukaryota","Arthropoda","Insecta","Diptera","Chironomidae","Rheotanytarsus",,77,"Rheotanytarsus"
"TLM16",20220610,"3","Eukaryota","Arthropoda","Insecta","Diptera","Chironomidae","Tanytarsus","Tanytarsus sp. BOLD:AAC0299",22,"Tanytarsus sp. BOLD:AAC0299"
"TLM16",20220610,"3","Eukaryota","Arthropoda","Insecta","Diptera","Tipulidae","Tipula","Tipula sp. BOLD:AAF8986",17,"Tipula sp. BOLD:AAF8986"
"TLM16",20220610,"3","Eukaryota","Arthropoda","Insecta","Plecoptera","Leuctridae","Leuctra",,46,"Leuctra"
"TLM16",20220610,"3","Eukaryota","Arthropoda","Insecta","Plecoptera","Peltoperlidae","Tallaperla","Tallaperla cornelia",8,"Tallaperla cornelia"
"TLM16",20220610,"3","Eukaryota","Arthropoda","Insecta","Plecoptera","Perlidae","Eccoptura","Eccoptura xanthenes",33,"Eccoptura xanthenes"
"TLM16",20220610,"3","Eukaryota","Arthropoda","Insecta","Plecoptera","Perlidae","Perlesta","Perlesta nelsoni",61,"Perlesta nelsoni"
"TLM16",20220610,"3","Eukaryota","Arthropoda","Insecta","Trichoptera","Hydropsychidae","Diplectrona","Diplectrona metaqui",10,"Diplectrona metaqui"
"TLM16",20220610,"3","Eukaryota","Arthropoda","Insecta","Trichoptera","Hydropsychidae","Diplectrona","Diplectrona modesta",608,"Diplectrona modesta"
"TLM17",20220610,"3","Eukaryota","Arthropoda","Arachnida","Araneae","Tetragnathidae","Tetragnatha","Tetragnatha elongata",11,"Tetragnatha elongata"
"TLM17",20220610,"3","Eukaryota","Arthropoda","Arachnida","Sarcoptiformes","Galumnidae",,,11,"Galumnidae"
"TLM17",20220610,"3","Eukaryota","Arthropoda","Arachnida","Sarcoptiformes","Oribatulidae","Lucoppia","Lucoppia sp. BOLD:ADE3167",36,"Lucoppia sp. BOLD:ADE3167"
"TLM17",20220610,"3","Eukaryota","Arthropoda","Insecta","Coleoptera","Elmidae","Oulimnius","Oulimnius latiusculus",85,"Oulimnius latiusculus"
"TLM17",20220610,"3","Eukaryota","Arthropoda","Insecta","Coleoptera","Psephenidae","Psephenus",,38,"Psephenus"
"TLM17",20220610,"3","Eukaryota","Arthropoda","Insecta","Diptera","Chironomidae","Conchapelopia","Conchapelopia sp. BOLD-2016",122,"Conchapelopia sp. BOLD-2016"
"TLM17",20220610,"3","Eukaryota","Arthropoda","Insecta","Diptera","Chironomidae","Tanytarsus",,52,"Tanytarsus"
"TLM17",20220610,"3","Eukaryota","Arthropoda","Insecta","Ephemeroptera","Baetidae","Procloeon",,266,"Procloeon"
"TLM17",20220610,"3","Eukaryota","Arthropoda","Insecta","Hemiptera","Veliidae","Microvelia","Microvelia americana",108,"Microvelia americana"
"TLM17",20220610,"3","Eukaryota","Arthropoda","Insecta","Hemiptera","Veliidae","Rhagovelia",,14,"Rhagovelia"
"TLM17",20220610,"3","Eukaryota","Arthropoda","Insecta","Odonata","Aeshnidae","Boyeria",,17,"Boyeria"
"TLM17",20220610,"3","Eukaryota","Arthropoda","Insecta","Trichoptera","Hydropsychidae","Diplectrona","Diplectrona metaqui",67,"Diplectrona metaqui"
"TLM18",20220610,"3","Eukaryota","Annelida","Clitellata","Haplotaxida","Naididae","Nais","Nais communis/variabilis complex sp. A4",27,"Nais communis/variabilis complex sp. A4"
"TLM18",20220610,"3","Eukaryota","Arthropoda","Insecta","Coleoptera","Elmidae","Dubiraphia",,99,"Dubiraphia"
"TLM18",20220610,"3","Eukaryota","Arthropoda","Insecta","Coleoptera","Elmidae","Stenelmis",,1204,"Stenelmis"
"TLM18",20220610,"3","Eukaryota","Arthropoda","Insecta","Coleoptera","Elmidae",,,513,"Elmidae"
"TLM18",20220610,"3","Eukaryota","Arthropoda","Insecta","Diptera","Chironomidae","Conchapelopia","Conchapelopia sp. BOLD-2016",56,"Conchapelopia sp. BOLD-2016"
"TLM18",20220610,"3","Eukaryota","Arthropoda","Insecta","Diptera","Chironomidae","Polypedilum",,29,"Polypedilum"
"TLM18",20220610,"3","Eukaryota","Arthropoda","Insecta","Diptera","Chironomidae","Stempellinella","Stempellinella boltoni",40,"Stempellinella boltoni"
"TLM18",20220610,"3","Eukaryota","Arthropoda","Insecta","Diptera","Pediciidae","Dicranota","Dicranota sp. BOLD:ABW5265",25,"Dicranota sp. BOLD:ABW5265"
"TLM18",20220610,"3","Eukaryota","Arthropoda","Insecta","Megaloptera","Corydalidae","Nigronia","Nigronia fasciatus",71,"Nigronia fasciatus"
"TLM18",20220610,"3","Eukaryota","Arthropoda","Insecta","Odonata","Calopterygidae","Calopteryx","Calopteryx maculata",127,"Calopteryx maculata"
"TLM18",20220610,"3","Eukaryota","Arthropoda","Insecta","Odonata","Gomphidae","Gomphus",,29,"Gomphus"
"TLM18",20220610,"3","Eukaryota","Arthropoda","Insecta","Plecoptera","Perlidae","Eccoptura","Eccoptura xanthenes",8,"Eccoptura xanthenes"
"TLM18",20220610,"3","Eukaryota","Arthropoda","Insecta","Trichoptera","Hydropsychidae","Diplectrona","Diplectrona metaqui",119,"Diplectrona metaqui"
"TLM18",20220610,"3","Eukaryota","Arthropoda","Insecta","Trichoptera","Hydropsychidae","Diplectrona","Diplectrona modesta",15,"Diplectrona modesta"
"TLM18",20220610,"3","Eukaryota","Arthropoda","Insecta","Trichoptera","Odontoceridae","Psilotreta",,10,"Psilotreta"
"TLM19",20220610,"3","Eukaryota","Arthropoda","Arachnida","Sarcoptiformes",,,,111,"Sarcoptiformes"
"TLM19",20220610,"3","Eukaryota","Arthropoda","Insecta","Diptera","Chironomidae","Conchapelopia","Conchapelopia sp. BOLD-2016",377,"Conchapelopia sp. BOLD-2016"
"TLM19",20220610,"3","Eukaryota","Arthropoda","Insecta","Diptera","Chironomidae","Stempellinella","Stempellinella boltoni",155,"Stempellinella boltoni"
"TLM19",20220610,"3","Eukaryota","Arthropoda","Insecta","Diptera","Pediciidae","Dicranota","Dicranota sp. BOLD:ABW5265",71,"Dicranota sp. BOLD:ABW5265"
"TLM19",20220610,"3","Eukaryota","Arthropoda","Insecta","Trichoptera","Calamoceratidae","Heteroplectron","Heteroplectron americanum",11,"Heteroplectron americanum"
"TLM19",20220610,"3","Eukaryota","Arthropoda","Insecta","Trichoptera","Hydropsychidae","Diplectrona","Diplectrona metaqui",363,"Diplectrona metaqui"
"TLM19",20220610,"3","Eukaryota","Arthropoda","Insecta","Trichoptera","Lepidostomatidae","Lepidostoma","Lepidostoma latipenne",135,"Lepidostoma latipenne"
"TLM20",20220610,"3","Eukaryota","Arthropoda","Insecta","Diptera","Ceratopogonidae","Dasyhelea",,242,"Dasyhelea"
"TLM20",20220610,"3","Eukaryota","Arthropoda","Insecta","Diptera","Chironomidae","Paratanytarsus","Paratanytarsus sp. BOLD-2016",10,"Paratanytarsus sp. BOLD-2016"
"TLM20",20220610,"3","Eukaryota","Arthropoda","Insecta","Trichoptera","Hydropsychidae","Diplectrona","Diplectrona metaqui",2589,"Diplectrona metaqui"
"TLM20",20220610,"3","Eukaryota","Arthropoda","Insecta","Trichoptera","Lepidostomatidae","Lepidostoma","Lepidostoma carrolli",1705,"Lepidostoma carrolli"
"TLM22",20220610,"3","Eukaryota","Arthropoda","Arachnida","Sarcoptiformes",,,,816,"Sarcoptiformes"
"TLM22",20220610,"3","Eukaryota","Arthropoda","Insecta","Coleoptera","Staphylinidae","Alisalia",,31,"Alisalia"
"TLM22",20220610,"3","Eukaryota","Arthropoda","Insecta","Diptera","Tipulidae",,,883,"Tipulidae"
"TLMG5",20220610,"3","Eukaryota","Arthropoda","Insecta","Coleoptera","Elmidae","Optioservus",,30,"Optioservus"
"TLMG5",20220610,"3","Eukaryota","Arthropoda","Insecta","Coleoptera","Elmidae","Oulimnius","Oulimnius latiusculus",62,"Oulimnius latiusculus"
"TLMG5",20220610,"3","Eukaryota","Arthropoda","Insecta","Coleoptera","Elmidae","Stenelmis",,240,"Stenelmis"
"TLMG5",20220610,"3","Eukaryota","Arthropoda","Insecta","Coleoptera","Psephenidae","Psephenus","Psephenus herricki",159,"Psephenus herricki"
"TLMG5",20220610,"3","Eukaryota","Arthropoda","Insecta","Diptera","Chironomidae","Microtendipes",,10,"Microtendipes"
"TLMG5",20220610,"3","Eukaryota","Arthropoda","Insecta","Diptera","Chironomidae","Polypedilum",,9,"Polypedilum"
"TLMG5",20220610,"3","Eukaryota","Arthropoda","Insecta","Diptera","Chironomidae","Stempellinella","Stempellinella boltoni",24,"Stempellinella boltoni"
"TLMG5",20220610,"3","Eukaryota","Arthropoda","Insecta","Diptera","Chironomidae","Tanytarsus",,27,"Tanytarsus"
"TLMG5",20220610,"3","Eukaryota","Arthropoda","Insecta","Diptera","Limoniidae","Antocha","Antocha sp. BOLD:AAI4397",17,"Antocha sp. BOLD:AAI4397"
"TLMG5",20220610,"3","Eukaryota","Arthropoda","Insecta","Ephemeroptera","Baetidae","Procloeon",,11,"Procloeon"
"TLMG5",20220610,"3","Eukaryota","Arthropoda","Insecta","Ephemeroptera","Ephemerellidae","Ephemerella",,24,"Ephemerella"
"TLMG5",20220610,"3","Eukaryota","Arthropoda","Insecta","Hemiptera","Veliidae","Microvelia","Microvelia americana",34,"Microvelia americana"
"TLMG5",20220610,"3","Eukaryota","Arthropoda","Insecta","Hemiptera","Veliidae","Rhagovelia",,25,"Rhagovelia"
"TLMG5",20220610,"3","Eukaryota","Arthropoda","Insecta","Plecoptera","Peltoperlidae","Tallaperla",,166,"Tallaperla"
"TLMG5",20220610,"3","Eukaryota","Arthropoda","Insecta","Plecoptera","Perlidae","Eccoptura","Eccoptura xanthenes",10,"Eccoptura xanthenes"
"TLMG5",20220610,"3","Eukaryota","Arthropoda","Insecta","Trichoptera","Hydropsychidae","Diplectrona",,14,"Diplectrona"
"TLMG5",20220610,"3","Eukaryota","Arthropoda","Insecta","Trichoptera","Philopotamidae","Dolophilodes",,109,"Dolophilodes"
"TLZ01",20220610,"3","Eukaryota","Arthropoda","Collembola","Entomobryomorpha",,,,24,"Entomobryomorpha"
"TLZ01",20220610,"3","Eukaryota","Arthropoda","Insecta","Coleoptera","Elmidae","Oulimnius","Oulimnius latiusculus",8,"Oulimnius latiusculus"
"TLZ01",20220610,"3","Eukaryota","Arthropoda","Insecta","Coleoptera","Elmidae","Stenelmis","Stenelmis sp. BOLD:AAC4909",161,"Stenelmis sp. BOLD:AAC4909"
"TLZ01",20220610,"3","Eukaryota","Arthropoda","Insecta","Coleoptera","Staphylinidae",,,97,"Staphylinidae"
"TLZ01",20220610,"3","Eukaryota","Arthropoda","Insecta","Diptera","Chironomidae",,,24,"Chironomidae"
"TLZ01",20220610,"3","Eukaryota","Arthropoda","Insecta","Ephemeroptera","Heptageniidae","Maccaffertium","Maccaffertium meririvulanum",3114,"Maccaffertium meririvulanum"
"TLZ01",20220610,"3","Eukaryota","Arthropoda","Insecta","Odonata","Calopterygidae","Calopteryx",,19,"Calopteryx"
"TLZ01",20220610,"3","Eukaryota","Arthropoda","Insecta","Plecoptera","Perlidae","Eccoptura",,27,"Eccoptura"
"TLZ01",20220610,"3","Eukaryota","Arthropoda","Insecta","Trichoptera","Hydropsychidae","Diplectrona","Diplectrona metaqui",68,"Diplectrona metaqui"
"TLZ01",20220610,"3","Eukaryota","Arthropoda","Insecta","Trichoptera","Hydropsychidae","Diplectrona","Diplectrona modesta",14,"Diplectrona modesta"
"TLZ01",20220610,"3","Eukaryota","Arthropoda","Insecta","Trichoptera","Lepidostomatidae","Lepidostoma","Lepidostoma latipenne",78,"Lepidostoma latipenne"
